id,portfolio,question_parts,question,reply,referred_reply,answered,givesRequestedFigure,addressesAllParts,declinesWithReason,evasionType,note
2025-5460,Minister for Social Development and Employment,1,Who attended the meeting on 21/11/2024 at 9:30 AM - 10:15 AM titled 'Meeting with MSD Officials'?,MSD officials,,,,,,,
2025-2814,Associate Minister of Health,1,"What progress, if any, has been made in the quarter July to September 2024 on the action ‘Design and implement a multi-level, multi-channel campaign to raise awareness, increase understanding of dementia mate wareware and tackle stigma and discrimination’ under the objective ‘Build accepting and understanding communities’ within Te Whatu Ora’s Improving Dementia Mate Wareware Services in Aotearoa New Zealand Action Plan?","I refer the Member to my response to Written Parliamentary Question 43909 (2024).

I am further advised that these campaigns are ongoing.","I am advised that during the January to March 2024 quarter, two service providers - a Pacific provider in Auckland and a Māori provider in the Bay of Plenty - were contracted to deliver trial multi-channel, culturally appropriate community awareness campaigns to their populations.",,,,,,
2025-27449,Minister of Health,1,"Are gynaecological oncology procedures currently being performed by general gynaecologists at Wellington Hospital and if not, why not?","I am advised, yes. I refer the Member to Written Parliamentary Questions 27452 (2025) and 27453 (2025).",,,,,,,
2024-4449,Minister for Tertiary Education and Skills,1,"In light of her response to Question 104 (2024), what notes or minutes or records do the Minister's staff or the Minister take to ensure that actions arising from the discussions are checked and monitored to see that the action is actually taken?",The Private Secretaries take notes and confirms back with the relevant agencies on the actions arising from the discussions.,,,,,,,
2025-43636,Minister of Climate Change,1,Has he considered an education campaign on the benefits to New Zealand staying in the Paris Agreement?,No,,,,,,,
2025-6467,Minister of Justice,1,How many people have been convicted of a breach of s 7 of the Gangs Act 2024 (dealing with Prohibition on display of gang insignia in public place)?,"On 18 March 2025, the Ministry of Justice released the latest official statistics relating to finalised charges in court up to 31 December 2024, known as Tier 1 statistics.

By 31 December 2024, 9 people had been convicted of a breach of section 7 of the Gangs Act 2024 (display of gang insignia in a public place).",,,,,,,
2025-5137,Minister of Health,1,"What progress, if any, has been made in the quarter July to September 2024 to ‘Develop and publish minimum data requirements for all contracts, procurement, applications and platforms’ under ‘Horizon Two’ of the Data and Information Strategy for Health and Disability: Roadmap 2021-2024?",I refer the Member to Written Parliamentary Question 2722 (2025).,"Our Government is focused on delivering timely, quality healthcare for all New Zealanders. I am advised that work continued in the July to September 2024 quarter on a range of actions outlined in the replies to Written Parliamentary Questions on these matters in previous quarters.",,,,,,
2024-23243,Minister of Police,1,Will Detective Superintendent Greg Williams lead the National Gang Unit?,"I am advised that the National Gang Unit is currently in an operational planning stage and therefore this question cannot be answered at this point in time.

This is also my response to Written Parliamentary Questions 23163, 23164, 23252, 23256, 23260, 23267, and 23274 (2024).",,,,,,,
2025-40036,Minister of Corrections,1,Does the Department of Corrections use artificial intelligence (AI) or automated tools to screen prisoner correspondence?,I am advised that Corrections does not use artificial intelligence or automated tools to screen prisoner correspondence.,,,,,,,
2025-36158,Minister for Infrastructure,1,"What agencies, if any, have provided him with advice on regional and city deals?","As Minister for Infrastructure, I have received advice on regional and city deals from the Treasury and the New Zealand Infrastructure Commision.",,,,,,,
2024-6701,Minister for Racing,1,"What correspondence, including letters, emails, text messages, whatsapp, signal, or any other form of electronic communication, if any, has the Minister or any member of their Office sent during the week of Monday 8 April, to the ACT Party Leaders Office by subject and date?",None.,,,,,,,
2024-40025,Minister of Police,1,"What is the number of offences reported to police by retail premises, if any, since 27 November 2023, broken down by month and district?",This information is publicly available on policedata.nz (https://www.police.govt.nz/about-us/publications-statistics/data-and-statistics/policedatanz).,,,,,,,
2025-50306,Minister of Police,1,"What is the longest time, since Jan 1 2023, in which it has taken for police to hand suicide death files to coroner, from date of death?","I am advised that Police receives a substantial number of sudden death reports, with over 6,000 reported to Police between 1 September 2024 and 31 August 2025. Identifying the time taken to disclose each sudden death file to the coroner would require a manual search through each record. As such, the information requested is not readily available and would require considerable effort to assemble. The time and associated cost in obtaining this information are not, in my view, justifiable. 

This is also my response to Written Parliamentary Questions 50127, 50129 and 50307 (2025).",,,,,,,
2025-2845,Minister of Climate Change,1,"What meetings, if any, did the Minister decline on the topic of Aotearoa’s second Nationally Determined Contribution, if any, listed by inviter, and subject?","I am advised that in any given week, my office receives a high volume of communications and invitations for meetings on a range of topics discussing. I am further advised that answering this question will require significant staff resources, and I do not believe it is in the public interest.",,,,,,,
2024-69609,Minister for Energy,1,"What correspondence, including letters, emails, text messages, WhatsApp, signal, or any other form of electronic communication, if any, has the Minister or any member of their Office sent or received since 1 September 2024 from Bluefloat Energy by subject and date?",I refer the Member to Written Question reply 69617 (2024). My office sent one email to Bluefloat Energy on 10 September 2024. This was regarding an event invitation that was transferred to my office.,Yes. I received one request on 4 September.,,,,,,
2024-9088,Minister for Emergency Management and Recovery,1,"What advice, reports, briefings, aide memoires, or any other documents, if any, has the Minister or any member of their Office received between 8 April 2024 to 21 April 2024, regarding the use of consultants and contractors, by title and date?",I refer the member to my response to Written Parliamentary Question 8881 (2024).,"As the Minister for Emergency Management and Recovery, I regularly request and receive advice from officials on matters relating to my Emergency Management and Recovery portfolio. 

I received the following documents from officials in the National Emergency Management Agency (NEMA), the Chief Executive, Cyclone Recovery and the Department of Prime Minister and Cabinet (DPMC) between 8-21 April 2024:

• Meeting with Australia’s Select Committee on Disaster Resilience on 10 April 2024, 9 April 2024
• Nationwide Test of Emergency Mobile Alert 2024, 11 April 2024
• Vote Prime Minister and Cabinet Estimates Documents, 16 April 2024
• Drawdown from the Local Government Flood Resilience Co-Investment Fund, 16 April 2024
• Responding to the Report of the Government Inquiry into the North Island Severe Weather Events, 18 April 2024
• Public Release of the Report on the Government Inquiry into the Response to the North Island Severe Weather, 18 April 2024 
• CRU Fortnight Report, 19 April 2024

In addition, jointly with the Prime Minister I have received the following documents:
• North Island Weather Events: Progress update on categorisation and buyouts, and sediment and debris, 10 April 2024
• North Island Weather Events: Progress update on categorisation, buyout, infrastructure, and local transport projects, 18 April 2024 
In addition, staff in my office may informally receive documents, including draft documents, from officials in NEMA and DPMC and from other agencies, and from Ministers’ offices. This information is not held in a format that can be easily extracted within the time frame.",,,,,,
2025-48285,Prime Minister,1,Does the Prime Minister maintain confidence in the Minister for the Environment?,I refer the member to my response to Written Parliamentary Question 48241 (2025).,"The family members of Members of Parliament may seek the assistance of a Minister as can any other member of the public. In this case, Hon Simmonds has assured me that she provided the same assistance that she would for any other member of the public. 

The Cabinet Manual is clear in its guidance as to who might be a close associate of a Minister. Hon Simmonds has assured me that she has followed this guidance.

Disclosures to the Cabinet Office of information relating to Ministerial conflicts of interest, and the Cabinet Office’s advice to Ministers about such interests, are inherently confidential and not disclosed. This has been the approach of successive administrations and I do not intend to depart from it.

I maintain full confidence in Hon Simmonds.",,,,,,
2024-11087,Minister of Police,1,"Futher to reply 8827 (2024); Was there an agenda for this meeting, if not, why not?",I am not in the habit of preparing an agenda for social catchups. Refer to WPQ 8798 (2024).,Sean and his wife invited myself and my partner to a social event on 20 March.,,,,,,
2025-53125,Minister of Education,1,"How many, if any, drafts of the curriculum did the Minister personally see; broken down by subject area?",I refer the Member to my response for written parliamentary question 53122 (2025).,"Partial or complete draft versions of the curriculum are shared with brought to me throughout the development process. These are discussed at regular meetings with officials. The development process is iterative, and the Ministry of Education is responsible for synthesising feedback received through various sources and reviews and incorporating this into further versions of curriculum content. 

As the Minister of Education, I also receive the final draft curriculum content for all learning areas and wāhanga ako for approval to release. 

This is also my response to written parliamentary questions 53123, 53124 and 53125 (2025).",,,,,,
2025-46674,Minister of Education,1,"How many, if any, school libraries were decommissioned or disestablished in 2024?",Decisions regarding the use of school spaces are made by school boards. The Ministry of Education does not hold the requested information.,,,,,,,
2024-9300,Prime Minister,1,"What correspondence, if any, did he or his Office send or receive from the Chief of Staff of ACT during the week of 22 April 2024, by title and date?","23 April: Emails from Cameron Burrows and Andrew Ketels ‘OIA re: below emails’
24 April: Email from Andrew Ketels ‘Lines: High Court judicial review against Waitangi Tribunal decision’
24 April: Text from Andrew Ketels to Cameron Burrows and Darroch Ball re: Oranga Tamariki.",,,,,,,
2025-55810,Minister of Local Government,1,"What safeguards will be put in place to ensure the rates cap does not incentivise councils to defer maintenance or renewal of critical assets, thereby increasing long-term infrastructure costs for ratepayers?",Councils will be monitored to ensure they are not underinvesting.,,,,,,,
2024-11504,Minister for Children,2,"Is Oranga Tamariki currently in the process of renewing or developing any strategic partnerships, and if so, what are the names of those partnerships?","I have committed to retaining strategic partnership agreements with iwi, hapū, and Māori organisations. Any decisions on who Oranga Tamariki enters into a strategic partnership with rests with the Chief Executive.",,,,,,,
2024-45362,Minister of Police,1,"Does he stand by his statement, ""the police advice quite simply says, is that, in a nutshell, that we've got to do the work to make sure that we mitigate that risk and that we're managing that risk. I agree with them completely.""",Yes.,,,,,,,
2024-23878,Minister for the Prevention of Family and Sexual Violence,1,Does she support the criminalisation of coercive control?,"Coercive control is already referenced in the definition of family violence in the Family Violence Act 2018. 

The Government is not currently considering legislative change for a standalone coercive control offence, however, it has not been ruled out for future consideration.",,,,,,,
2024-10296,Minister of Health,1,"What progress, if any, has been made in the quarter October – December 2023 to ‘Establish national consumer leadership network’ under section 1.1 ‘Valuing the voices of consumers and whanau’ within Te Whatu Ora’s Te Pae Tata: Interim New Zealand Health Plan 2022?",I refer the Member to the response to Written Parliamentary Question 10297 (2024).,"I am advised that during the October - December 2023 quarter, Health New Zealand's Consumer Engagement and Whānau Voice team was in consultation over structural changes to help better consider the voices of consumers and whanau.",,,,,,
2024-645,Minister for Resources,1,"Has he discussed permits being given out by politicians under the Government's planning fast-track consenting regime with cabinet colleagues? If so, who and on what date?",I have regularly discussed the proposed fast-track regime with my Cabinet colleagues.,,,,,,,
2025-53213,Minister of Internal Affairs,1,"On what occasions, if any, has Fire and Emergency New Zealand briefed her on proposed changes to make $50 million a year in savings, and how did these briefings take place?",I refer the Member to the response to WPQ 53210.,"I have received four briefings from Fire and Emergency New Zealand that mention a proposal to save $50 million a year. 
• BR-25-01 Organisational cost savings programme – 13 February 2025
• BR-25-05 Organisational cost savings programme update – 7 May 2025
• BR-25-06 Organisational cost savings programme update #2 – 27 June 2025
• BR-25-12 Quarterly Savings Report – 3 October 2025",,,,,,
2025-33791,Prime Minister,1,By what date is the Government’s quarter three action plan 2025 action to introduce legislation to deter antisocial road use expected to be completed?,I refer the member to my response to Written Parliamentary Question 33755 (2025).,"The 28 Actions set out in the Quarter Three (2025) Plan are expected to be completed by 30 September 2025. The details of the portfolio and minister for each Action are set out below..

 Portfolio and minister for each Action set out in the Quarter Three (2025) Plan

# Rebuilding the economy Portfolio Minister
1 Announce next steps to improve supermarket competition. Commerce Hon Nicola Willis
2 Repeal the ban on offshore oil and gas exploration. Resources Hon Shane Jones
3 Take Cabinet decisions to approve regulations enabling open banking. Commerce Hon Scott Simpson
4 Pass legislation to ratify the New Zealand – United Arab Emirates Comprehensive Economic Partnership Agreement. Trade & Investment Hon Todd McClay
5 Launch a one-off Major Events fund to further boost international visitor numbers and drive economic growth. Tourism Hon Louise Upston
6 Publish the first standards allowing the use of more high-quality overseas building products in New Zealand. Building and Construction Hon Chris Penk
7 Take Cabinet policy decisions on changes to earthquake prone building requirements. Building and Construction Hon Chris Penk
8 Pass the Public Works (Critical Infrastructure) Amendment Bill to streamline the land acquisition process for major infrastructure projects. Transport Rt Hon Chris Bishop
9 Pass the Resource Management (Consenting and Other System Changes) Amendment Bill to provide resource management system improvements and enable housing growth in our largest cities. RMA Reform Rt Hon Chris Bishop
10 Take Cabinet decisions on the first Housing Investment Strategy to improve value for money from Government investment in the housing system. Housing Rt Hon Chris Bishop
11 Introduce legislation on Auckland Transport to strengthen governance and planning arrangements. Transport Rt Hon Chris Bishop
12 Take decisions on the Skilled Migrant Category visa to attract and retain skilled and experienced trades and technicians. Immigration Hon Erica Stanford
13 Establish two new Public Research Organisations (Institute for Bioeconomy Science and Institute for Earth Science). Science and Technology Hon Dr Shane Reti
14 Finalise Export Exemptions Regulations under the Food Act. Food Safety Hon Andrew Hoggard
# Restoring law and order Portfolio Minister
15 Progress legislation to make stalking an illegal and jailable offence. Justice Hon Paul Goldsmith
16 Introduce legislation to deter anti-social road use. Transport Rt Hon Chris Bishop
17 Introduce legislation to support the timeliness, efficiency, integrity and resilience of the electoral system, and introduce a ban on prisoner voting. Justice Hon Paul Goldsmith
18 Take Cabinet decisions on legislation to affirm Police’s authority to collect, use and retain information about individuals in public places for lawful policing purposes. Police Hon Mark Mitchell
19 Start delivery of rehabilitation and reintegration services to remand prisoners. Corrections Hon Mark Mitchell
20 Progress legislation to specifically criminalise foreign interference and strengthen espionage offences. Justice Hon Paul Goldsmith
21 Take Cabinet decisions to strengthen border and supply chain security. Customs Hon Casey Costello
# Delivering better public services Portfolio Minister
22 Start delivery of an additional 21,000 elective procedures like hip replacements and cataract surgery in 2025/26. Health Hon Simeon Brown
23 Open expression of interest for 120 nurse practitioner training places, as part of the Primary Care Action Plan. Health Hon Simeon Brown
24 Implement the largest-ever annual funding increase for GP clinics, to help more Kiwis access the primary care they need faster. Health Hon Simeon Brown
25 Implement the first prototypes for the expansion of Urgent and Unplanned care rollout for rural and remote areas. Associate Health Hon Matt Doocey
26 Provide the Government’s response to the Education Review Office’s report into NCEA Level 1. Education Hon Erica Stanford
27 Introduce the Education and Training (Early Childhood Education Reform) Amendment Bill to give effect to the ECE Regulation Sector Review. Associate Education Hon David Seymour
28 Take key policy decisions to tighten benefits eligibility for 18/19-year-olds. Social Development Hon Louise Upston",,,,,,
2024-8315,Minister of Police,1,"What is the nature of the detailed information held by the Gang Harm Insights Centre, and does it include breakdown of convictions, charges, and active membership by gang?","I am advised that the Gang Harm Insights Centre (GHIC) is a multi-agency strategic insights group which actively partners to deliver holistic, actionable, and timely insights, enabling agencies to empower communities in making a difference to gang-related harm. The GHIC seeks to provide a holistic understanding of the harm caused by, to, and within the gang environment by looking at the drivers behind harmful behaviour, working with community members to have their voice at the centre of the work, and incorporating partner agency information.

The GHIC has an Approved Information Sharing Agreement (AISA) between the 12 agencies which authorises the sharing of information about gangs and gang-related harm, enabling agencies to take steps to reduce this harm. The intent is not to enable broad bilateral information sharing between the parties, rather to provide legal authority for highly managed information sharing and insights generation with the GHIC at the centre of all information flows.

The GHIC does not hold information on convictions and charges by gang, but this information can be readily retrieved through the AISA mechanism. Gang membership is held by Police, however the GHIC takes an active role in ensuring quality of this information and continuous improvement of the established processes.",,,,,,,
2024-5510,Minister for Emergency Management and Recovery,1,"What advice, reports, briefings, aide memoires, or any other documents has the Minister or any member of their Office received during the week of Monday 1 April 2024, regarding the use of consultants and contractors, by title and date?",I refer the Member to reply number 5472 (2024) which lists advice for the time period. I do not consider it a good use of time to prepare a list of documents in each weekend bag for the Member.,"As the Minister for Emergency Management and Recovery, I regularly request and receive advice from officials on matters relating to my Emergency Management and Recovery portfolio. 

I received the following documents from officials in the National Emergency Management Agency (NEMA) and the Chief Executive, Cyclone Recovery between 1-5 April 2024:
• 3 April 2024: Categorisation Dashboard - North Island Weather Events Categorisation and Buyout Progress and Infrastructure
• 4 April 2024: Tauranga Travel Brief 5 April 
• 4 April 2024 Visit to the Bay of Plenty, Friday 5 April 2024
• 5 April 2024: Report to the House on operation of Severe Weather Emergency Recovery Legislation Act
• 5 April 2024: Ministerial Approval of Local Road Transport Projects under North Island Weather Events Crown Funding Agreements.",,,,,,
2024-62517,Minister of Finance,1,"What directions did the Minister give to the Treasury, if any, in response to T2024/1152 which stated “The expansionary fiscal impulse in 2024/25 would be expected to add slightly more to inflation pressures.”?",None.,,,,,,,
2024-44550,Minister of Health,1,Does the Minister have a Treasury secondee assigned to his Ministerial office?,I refer the Member to Written Parliamentary Question 44547 (2024).,"No, although Treasury officials are regularly present for meetings, and I enjoy an excellent relationship with the Minister of Finance and her office.",,,,,,
2025-35127,Minister for Vocational Education,1,"What instructions or directives, if any, were Universal College of Learning given regarding filming on campus during the week beginning 14 July 2025?",I refer the member to parliamentary question 35118.,,,,,,,
2025-14292,Minister of Health,1,"What correspondence, if any, has his office sent to the National Public Health Service regarding its operational focus since 27 November 2023?","As Minister, I regularly correspond with officials at Health New Zealand, including through my Letter of Expectations. I refer the Member to Written Parliamentary Question 14294 (2025).","As outlined in my Health Delivery Plan Cabinet paper, I have set out a Letter of Expectations to Health New Zealand to ensure that the agency is focused on delivering access to timely, quality healthcare for all New Zealanders, including an expectation that the agency is focused on health service delivery 
and not advocacy. Our Government’s view that Health New Zealand should be a health delivery agency and not an advocacy body. In particular, the agency should not be making submissions on proposed developments or council policies, such as suggesting that councils should ban local community groups from fundraising with raffle tickets.

Advice sought by myself is provided by agencies. Titles of all advice that I have received that support delivering access to timely, quality healthcare for all New Zealanders have been, or will be, proactively released on the agencies' websites: 
https://www.health.govt.nz/information-releases/lists-of-advice-provided-to-ministers
https://www.tewhatuora.govt.nz/publications/
https://pharmac.govt.nz/news-and-resources/official-information-act/list-of-ministerial-briefings",,,,,,
2024-12908,Minister for the Prevention of Family and Sexual Violence,1,Further to reply 7449 (2024); When does she expect to complete strengthening the locally and regionally based multi-agency crisis response models already in place?,I refer the Member to my answer to 12884 (2024).,,,,,,,
2025-28805,Minister of Customs,1,What risk assessments were completed prior to the recent realignment of Customs’ workforce functions if any?,"I am advised that during the 2024 Organisational Change Process, each work area within the New Zealand Customs Service (Customs) conducted its own risk assessment on the effect on day-to-day operations and business continuity, as a result of the changes being proposed. 

The objectives of the change process were to operate as efficiently as possible, while also ensuring that Customs continues to deliver on its priorities without impacting its ability to deliver frontline services and critical support functions.",,,,,,,
2024-59741,Minister of Health,1,"How will workforce expansion and the use of outsourced private providers be funded without exceeding baselines, given his assertion that the plan will be funded from baseline budgets in his 12 September 2024 press conference?",I am advised the budget for FY2024/25 includes workforce requirements and outsourced private providers. My expectation is that spend will be within the budgeted levels.,,,,,,,
2024-43787,Minister of Police,1,"What was the number of foot patrols in the Auckland West area for June 2024, if any?",: I refer the Member to my response to Written Parliamentary Question 43783 (2024).,"I am advised that this information will be published at the end of the month on the Police website. https://www.police.govt.nz/about-us/statistics-and-publications/data-and-statistics/demand-and-activity.

This is also my response to Written Parliamentary Questions 43784, 43785, 43786, 43787, 43788 and 43789 (2024).",,,,,,
2025-2952,Minister for Rail,1,"When, if at all, does the Minister expect to receive an update on the new DM locomotives?",When there is substantive information to be shared. KiwiRail advises the two prototype DM class locomotives are still in the commissioning stage.,,,,,,,
2024-67778,Minister for Resources,1,"What evidence, if any, did the Minister take into consideration for approving listed fast-track approval project applications, by title and date?","I reviewed the report and recommendations of the Fast Track Approvals Advisory Group top Ministers regarding all of the fast-track proposals, including that of Trans-Tasman Resources.",,,,,,,
2024-2428,Associate Minister of Housing,1,What are the titles and dates of the advice that the government has received on housing matters that the Minister referred to in his answers to Question 3 on 7 March 2024?,"As Associate Minister of Housing (Social Housing), I refer the member to the response for WPQ 2260 (2024).","As Associate Minister of Housing (Social Housing) I have received the following advice, reports, memos, aides memoire, or any other documents, from my officials by title and date about the impact on homelessness of the policy detailed in the 6 March 2024 ""First steps taken to end emergency housing"" announcement; Cover briefing for Cabinet Paper: Establishing a priority one category for emergency housing clients on the housing register on 24 January 2024; Aide Memoire – Ministerial Consultation – Establishing Priority One Cabinet Paper on 30 January 2024; Initial steps to end the large scale use of emergency housing on 19 February 2024; Ending Reliance on HUD Contracted Motels in Rotorua on 22 February 2024; Rotorua Housing Accord – Update and Future Priorities on 22 February 2024; Initial steps to end the large-scale use of Emergency Housing on 29 February 2024; Cabinet paper supporting material: initial steps to end the large scale use of Emergency Housing; Revised Cabinet paper and supporting materials: initial steps to end the large scale use of emergency housing on 01 March 2024; Revised Cabinet Paper and supporting material: initial steps to end the large scale use of emergency housing on 05 March 2024.",,,,,,
2025-29128,Minister of Customs,1,Has the Minister commissioned or received any independent review of Customs' effectiveness in reducing the availability of methamphetamine?,No.,,,,,,,
2024-64924,Associate Minister of Health,1,"What progress, if any, has been made in the quarter April to June 2024 on the action ‘Work with mental health and related partners as part of the implementation of the recommendations from the He Ara Oranga: the Report of the Government Inquiry into Mental Health and Addiction 2018, so people with dementia mate wareware and care partners do not miss out on the mental health services and support they need’ under the objective ‘Support people living with dementia mate wareware and their family /whānau supporters/care partners to live their best possible lives’ within Te Whatu Ora’s Improving Dementia Mate Wareware Services in Aotearoa New Zealand Action Plan?","I refer the Member to my response to Written Parliamentary Question 39877 (2024).

I am advised that during the April to June 2024 quarter, the service trials continued to run.","I am advised that in June 2023, under the Dementia Mate Wareware Action Plan implementation programme, seven new service trials were commissioned, which will run until June 2027. These trials focus on priority populations, including Māori, Pacific, people living in rural areas, and people with younger onset dementia mate wareware. The trials prioritise three areas:
- innovative respite care options to support carers and whānau ; 
- post diagnostic supports for people with dementia mate wareware, their whānau and carers; and
- navigator roles to coordinate and support people to access the supports they need.
I also note for the Member that Health New Zealand is undertaking an Aged Care Funding and Service Models Review that aims over time to improve the sustainability of aged care services and ensure equity of access and outcomes across New Zealand.",,,,,,
2025-4172,Minister of Health,1,"What progress, if any, has been made this quarter July to September 2024 in implementing ‘Extension and reconfiguration of existing software solutions (local, regional and national) and implementation of new local software solutions to support the facility design by the digital programme.’ as part of Te Whatu Ora’s National Digital Facilities Framework?","Our Government is focused on delivering timely, quality healthcare for all New Zealanders. I refer the Member to Written Parliamentary Question 66598 (2024).","I am advised that during the April to June 2024 quarter, none of the major hospital builds were advanced enough to require the extension or reconfiguration of existing software solutions.",,,,,,
2024-75764,Minister of Health,1,"What progress, if any, has been made in the quarter July to September 2024 on the proposed action ‘scope and commence a project to improve the visibility of mental health and addiction inpatient and emergency department data’ under ‘Strategic Priority Area 3: Data, insights, and intelligence’ within Te Whatu Ora’s ‘Acute Care Plan 2024’?","I am advised that during the July to September 2024 quarter, a project to improve visibility of mental health and addiction inpatient and emergency department data was scoped and commenced. This action is now complete.",,,,,,,
2025-52738,Associate Minister of Education,1,"Which schools in Christchurch are provided with lunches under the Healthy School Lunch Programme, listed by the company or organisation providing each school with lunches?","I am advised by the Ministry of Education that both the:
• Christchurch Schools in the Healthy School Lunch Programme; and 
• the list of Suppliers to the Healthy School Lunch programme can be found on the Ministry of Education website.

This can be found here: https://www.education.govt.nz/education-professionals/schools-year-0-13/healthy-school-lunches/ka-ora-ka-ako-healthy-school-lunches-about-programme#schools-in-the-ka-ora-ka-ako-healthy-school-lunches-programme-1",,,,,,,
2024-52478,Minister of Health,1,"What statements or documents, if any, detail Health New Zealand's financial outlook from the period 27 November 2023 to the present, listed by document title?","Health New Zealand’s Annual Report and Statement of Performance Expectations detail its financial outlook covering the 2023/24 financial year. 

I also refer the Member to Written Parliamentary Question 52473 (2024)",,,,,,,
2024-82107,Minister for Rail,1,Does the Minister think that upgrades to the New Zealand rail network are necessary?,Refer to my answer to WPQ 82106 (2024).,The Minister of Transport is responsible for approving the Rail Network Investment Programmes proposed by KiwiRail’s boarding consultation with shareholding ministers. The Government is investing in the rail network. We would not be investing in the rail network if we didn’t think it was necessary.,,,,,,
2025-33991,Minister responsible for RMA Reform,1,"What consultations are the Minister’s departments, agencies, crown entities and any other bodies that the Minister is responsible for, if any, opening on the week beginning Monday 5 July with employees around any changes to employment roles, employment numbers and any other employment conditions, and what is the proposed net change in roles?",I refer the Member to the Minister for the Environment's reply to written question 34061 (2025),None.,,,,,,
2024-82376,Minister of Agriculture,1,"Were there companies or start-ups within New Zealand other than ArkeaBio who could have benefitted from the $9.9 million dollar contribution to the development of a methane vaccine and if so, what consideration or consultation was there with them to support New Zealand scientists and ensure stability for research and development investment money in New Zealand?","AgriZero has invested in a range of mitigation technologies, alongside ArkeaBio. More information on their investment approach can be found here: https://www.agrizero.nz/investors",,,,,,,
2024-6989,Minister of Health,1,"What progress, if any, has been made in the last quarter (October – December 2023) toward achieving equity in rates of prostate cancer mortality for Pacific peoples?",I am advised no work on this specific objective occurred in the last quarter.,,,,,,,
2024-79364,Minister of Health,1,"What is the anticipated date of completion of the 'Deliver' project phase of the 'North Shore Hospital Central Sterile Services Department Upgrade', as part of Te Whatu Ora's Infrastructure and Investment projects?","As previously advised in my response to Written Parliamentary Question 38077 (2024), this action is complete.","I am advised that the project reached practical completion in September 2023. Please note, forecasted completion dates may be subject to change based on various factors, including system/cost pressures, necessary approvals, etc. There are key stage gates where accuracy of an estimate is enhanced, these are generally at business case decision, at the end of each design phase and main contract award.",,,,,,
2024-37004,Minister of Foreign Affairs,1,"What briefings, reports, aide-memoires, and other written documents, if any, has the Minister seen regarding potentially increasing New Zealand's 2024 funding for the UNRWA?","I have received the following document on the continuation of UNRWA funding: 

UNRWA: 2023/24 Core Contribution, 10 June 2024.",,,,,,,
2025-21784,Minister of Immigration,2,"Does the Minister of Immigration continue to chair the Migrant Community Reference Group, and if not, why not?",I refer the member to my response to WPQ 21783 (2025),I am advised that the Migrant Community Group was convened by a Minister of Immigration in the previous government. This group was not continued after the change of government.,,,,,,
2024-75423,Minister for Tertiary Education and Skills,1,"How many, if any, midwifery students who are Māori, who commenced their studies in 2018, ceased their course of study prematurely in the first year of their studies?",I refer the Member to my response to written parliamentary question 75420 (2024).,"I refer the Member to the attached table, showing annual and five-year qualification attrition rates for domestic students in midwifery bachelor's degrees. Please refer to the notes accompanying the table to help interpret the information, and to explain why not all questions could be answered.

This is also my response to the following written parliamentary questions: 
75422 (2024), 75423 (2024), 75424 (2024), 75425 (2024), 75426 (2024), 75427 (2024), 75428 (2024), 75430 (2024), 75431 (2024), 75432 (2024), 75433 (2024), 75434 (2024),
75436 (2024), 75437 (2024), 75438 (2024), 75439 (2024), 75441 (2024), 75442 (2024), 75443 (2024), 75444 (2024), 75446 (2024), 75447 (2024), 75448 (2024) ,75449 (2024), 75451 (2024), 75452 (2024), 75453 (2024), 75454 (2024), 75455 (2024), 75456 (2024), 75458 (2024), 75459 (2024), 75460 (2024), 75461 (2024), 75463 (2024), 75464 (2024), 75467 (2024), 75468 (2024), 75469 (2024), 75470 (2024), 75471 (2024), 75473 (2024), 75474 (2024), 75475 (2024), 75476 (2024), 75478 (2024), 75479 (2024), 75480 (2024), 75481 (2024), 75482 (2024), 75483 (2024), 75484 (2024), 75485 (2024), 75487 (2024), 75488 (2024), 75490 (2024), 75491 (2024), 75492 (2024), 75494 (2024), 75495 (2024), 75496 (2024), 75497 (2024), 75498 (2024), 75499 (2024), 75501 (2024), 75502 (2024), 75503 (2024), 75504 (2024), 75506 (2024), 75507 (2024), 75508 (2024), 75509 (2024), 75510 (2024), 75512 (2024), 75513 (2024), 75514 (2024), 75516 (2024)",,,,,,
2025-3124,Minister of Health,1,"What progress, if any, has been made in the quarter July to September 2024 in implementing the recommendation ‘to identify the reasons for the variability of pre-operative adjuvant therapy’ in the Bowel Cancer Quality Improvement Report 2019?","Our Government is focused on delivering timely, quality healthcare for all New Zealanders. I refer the Member to Written Question reply 64961 (2024).","I am advised that during this quarter April to June 2024 no progress was made because work has moved beyond this action.
I am advised that the Bowel Cancer Quality Improvement Report 2019 was superseded by the Bowel Cancer Quality Improvement Monitoring Report Update, which was published in April 2022. The Monitoring Report Update provides updated data and analysis from a more recent time period. Understanding different districts' performance against this indicator is the first step in understanding where to target cancer system improvement programmes.",,,,,,
2025-2714,Attorney-General,1,"What papers, if any, did the Attorney-General take to Cabinet during the week beginning 27 January 2025, by title and date?",None.,,,,,,,
2024-56363,Minister for Children,1,"For services with reduced or fully cut funding, is Oranga Tamariki’s expectation that they would not take on any new clients after this funding decision was communicated to them?","I am advised by Oranga Tamariki that they do not have any expectations in this regard. These are decisions for individual providers.

I also refer the Member to my answer to WPQ 52442 (2024).","It is my expectation that funding decisions have had regard to alternative services.

I am advised by Oranga Tamariki that plans are being developed with providers, or are in place, to safely transition all tamariki, rangatahi, and whānau where required to other social services within the region.

I am further advised Oranga Tamariki has also made provision to support the wind-down of services. This will include ensuring that important interventions are still in place for whānau through this period, while they work with providers and that an important part of this process will be the provider’s own assessment of client needs. 

There are some services that will be discontinued as they do not align with Oranga Tamariki core business. I have been clear that core business for Oranga Tamariki to prioritise is high-risk young people, including statutory services such as Youth Justice, Care & Protection, Transition Services and family violence sexual violence services.",,,,,,
2025-46867,Minister for Children,1,"What evidence, if any, has been found of any methamphetamine use in Oranga Tamariki's Whakatakapokai youth justice facility between 1 July and 31 December 2024?",None.,,,,,,,
2025-57471,Minister for Vocational Education,1,Were there any Non-Disclosure Agreements involved in the change of leadership at Otago Polytechnic?,I refer the Member to my response to written parliamentary question 57470 (2025).,"This is an employment matter for New Zealand Institute of Skills and Technology and as Minister I do not get involved in such matters

This is also my response to written parliamentary question WPQ 57471 (2025).",,,,,,
2024-8636,Minister for Racing,1,"What correspondence, including letters, emails, text messages, whatsapp, signal, or any other form of electronic communication, if any, has the Minister or any member of their Office sent during the week of Monday 15 April, to the National Party Spokesperson for Racing by subject and date?",None.,,,,,,,
2024-72961,Associate Minister of Health,1,"How many items of correspondence were there between the Associate Minister and the Minister of Health, or between their respective offices, during the week beginning 4 November 2024?",I refer the member to Written Parliamentary Question 60938 (2024),"I am advised there are regular communications between Ministers and Ministerial Offices discussing a range of topics. 

I am further advised that answering this question will require significant staff resources and I do not believe it is in the public interest to do so.",,,,,,
2024-5141,Minister for Mental Health,2,"Does the Minister stand by his statement that the Suicide Prevention Office “will remain open”, and if so, did he or his Office discuss this statement with the Prime Minister or their Office prior to making it?",For the first part of the question I refer the member to question 5139 (2024). For the second part of the question I refer the member to question 5144 (2024).,The Suicide Prevention Office is not being disestablished. The Ministry of Health has publicly stated that it did not sufficiently brief me on the proposed organisational changes. I was briefed by the Director-General of Health on the Ministry’s organisational structure change proposals for the first time in detail on 8 April 2024.,,,,,,
2025-33293,Minister for Universities,1,"What papers, if any, did the Minister take to Cabinet during the week beginning 30 June 2025, by title and date?",I did not take any papers to Cabinet during the week beginning 30 June 2025 as the Minister for Universities.,,,,,,,
2025-16105,Minister responsible for RMA Reform,1,"Does the new RMA reform recognise the WAI 2358 Inquiry into Māori rights and interests in water, if yes, how?",Cabinet has agreed to explore possible approaches to preserve and uphold Crown commitments on rights and interests in freshwater and geothermal resources through engagement with Māori. Cabinet also agreed the new system will enable new approaches to allocate resources. The WAI 2358 Stage 2 findings include that the RMA's first in first served allocation approach is unfair to Māori and needs urgent reform.,,,,,,,
2024-661,Minister of Transport,1,What is the average cost of a raised pedestrian crossing in Auckland for the 2022-2023 financial year?,The member will need to direct this question to Auckland Transport.,,,,,,,
2024-61920,Associate Minister of Health,2,"Is COVID-19 antiviral medicine fully available to eligible patients; if not is its unavailability due to funding constraints, or for some other reason?",I am advised by Pharmac that there are no current supply issues for publicly funded COVID-19 antiviral medicines in New Zealand that would prevent eligible patients from receiving them.,,,,,,,
2025-31455,Minister of Housing,1,"How many tenants and their families, if any, were relocated in anticipation of the development of Kainga Ora’s Māngere Otaki o te Wai neighbourhood?",Kāinga Ora – Homes and Communities advises me that no tenants were relocated as the development had not progressed to this stage.,,,,,,,
2024-61449,Minister for Tertiary Education and Skills,2,"Has the Minister requested any advice on the residency requirements to access a student loan, and if so, when did she request that advice?",None.,,,,,,,
2025-50814,Minister of Education,2,"Have any trends found in Internal Environment Monitoring data analysis lead to change in advice provided to schools; if so, what advice, if any, changed?","Trends identified through Internal Environment Monitoring data have led to updates in seasonal guidance provided to schools. For example, analysis confirmed that preheating can improve both thermal comfort and CO₂ levels, and that refresh breaks at standardised times are an effective way to reduce CO₂ without significantly lowering indoor temperatures.",,,,,,,
2024-28443,Minister of Health,1,"What actions, if any, have been taken in the quarter January to March 2024 to promote flexible funding of workforce initiatives to respond to current pressures?",I refer the Member to Written Parliamentary Question 2141 (2024).,No action has been taken to shift towards a model of investment across health and education that allows flexible application of funding. Both portfolios are responsible for investment decisions relating to their own budget appropriations.,,,,,,
2024-37175,Minister of Corrections,1,"What specific functions will be reduced, if any, as a result of $2.1 million worth of savings per year to Information and Administrative Services to the Judiciary and New Zealand Parole Board under new policy initiative ‘Back-Office Support Expenditure’?",I refer the Member to reply number 37071 (2024),"As noted in the Vote Corrections Estimates of Appropriation 2024/25 (pages 33 and page 45 at https://budget.govt.nz/budget/pdfs/estimates/v6/est24-v6-corr.pdf), Corrections’ baseline savings have been allocated to appropriations based on estimates from the best available information at the time the Estimates were prepared (April 2024). The appropriation impact will be confirmed as part of Corrections’ October Baseline Update. 

To meet the baseline savings targets, I am advised that Corrections has consolidated savings into four categories for reporting purposes and is now working through the budget implementation of these options. As this work progresses, there will be changes between programmes, functions and administration activities across these categories, but the overall savings value will not change. 

I am further advised that as this work is ongoing, it is not possible at this time to confirm specific job titles, functions or administration activities that may be reduced as a result of each aspect of Corrections’ savings initiatives. However, at this time, 107 vacant back-office roles have been removed from establishment, which contributes to the savings mentioned in appendix one.

I refer the member to the attached appendix, which outlines the savings currently associated with each category. 

This is also my response to WPQ 37074 (2024), WPQ 37075 (2024), WPQ 37077 (2024), WPQ 37078 (2024), WPQ 37079 (2024), WPQ 37080 (2024), WPQ 37081 (2024), WPQ 37083 (2024), WPQ 37085 (2024), WPQ 37086 (2024), WPQ 37087 (2024), WPQ 37088 (2024), WPQ 37089 (2024), WPQ 37090 (2024), WPQ 37091 (2024), WPQ 37093 (2024), WPQ 37094 (2024), WPQ 37095 (2024), WPQ 37097 (2024), WPQ 37099 (2024), WPQ 37100 (2024), WPQ 37101 (2024), WPQ 37102 (2024), WPQ 37103 (2024), WPQ 37104 (2024), WPQ 37105 (2024), WPQ 37106 (2024), WPQ 37107 (2024), WPQ 37108 (2024), WPQ 37109 (2024), WPQ 37110 (2024), WPQ 37111 (2024), WPQ 37112 (2024), WPQ 37114 (2024), WPQ 37116 (2024), WPQ 37117 (2024), WPQ 37121 (2024), WPQ 37122 (2024), WPQ 37124 (2024), WPQ 37125 (2024), WPQ 37126 (2024), WPQ 37127 (2024), WPQ 37128 (2024), WPQ 37129 (2024), WPQ 37130 (2024), WPQ 37131 (2024), WPQ 37132 (2024), WPQ 37133 (2024), WPQ 37134 (2024), WPQ 37135 (2024), WPQ 37136 (2024), WPQ 37137 (2024), WPQ 37138 (2024), WPQ 37139 (2024), WPQ 37140 (2024), WPQ 37141 (2024), WPQ 37142 (2024), WPQ 37143 (2024), WPQ 37144 (2024), WPQ 37145 (2024), WPQ 37146 (2024), WPQ 37148 (2024), WPQ 37149 (2024), WPQ 37151 (2024), WPQ 37154 (2024), WPQ 37155 (2024), WPQ 37156 (2024), WPQ 37157 (2024), WPQ 37158 (2024), WPQ 37159 (2024), WPQ 37160 (2024), WPQ 37161 (2024), WPQ 37162 (2024), WPQ 37163 (2024), WPQ 37164 (2024), WPQ 37165 (2024), WPQ 37167 (2024), WPQ 37168 (2024), WPQ 37169 (2024), WPQ 37170 (2024), WPQ 37171 (2024), WPQ 37172 (2024), WPQ 37173 (2024), WPQ 37174 (2024), WPQ 37175 (2024)",,,,,,
2024-23972,Minister of Police,1,Further to reply 12705 (2024); Will the gang patch ban make it uncomfortable for transnational criminal activity?,The Government's plan to restore law and order will restore law and order.,,,,,,,
2025-15516,Associate Minister of Health,1,"What progress, if any, has been made in the quarter October to December 2024 in the priority area ‘Build sector knowledge, research and statistical information to improve sexual health outcomes for Māori and improve equity’ ‘STRATEGIC DIRECTION 1: Surveillance, information and public health knowledge systems to drive action’ as part of the Aotearoa New Zealand Sexually Transmitted and Blood Borne Infection Strategy 2023-2030?",I refer the Member to Written Parliamentary Question 15495 (2025).,"Published in March 2023, the Sexually Transmitted and Blood Borne Infections (STBBI) Strategy sets out a roadmap to 2030 to achieve an Aotearoa New Zealand where STBBI are prevented and where all people living with STBBI live long and healthy lives free from stigma and discrimination.
 
 Officials from across the Ministry of Health (the Ministry) and Health NZ have developed a cross-agency STBBI work programme to implement the STBBI Strategy with an initial focus on the HIV, hepatitis C and syphilis action plans that sit under it, as well as hepatitis B and contracts with other STBBI related non-governmental and community organisations such as the Needle Exchange Programme (NEP).

 The goals and objectives in the strategy are intentionally high-level and the Ministry expects activities being taken to deliver on the priority action plans noted above to contribute to these over time.
 
 Specifically in the quarter October to December 2024, the following activities were progressed, all of which contribute towards implementing the strategic approaches for the STBBI Strategy.
 
 • There continued to be a strong focus on connecting with refugee migrants and asylum seeker groups, Hauora Māori partners, needle exchange services and sex workers to support these communities to be able to deliver future HIV and sexually transmitted infection (STI) testing.
 • Procurement documents were completed to expand innovative HIV and STI testing services to priority populations. A request for proposal will commence in quarter three 2024/25.
 • A working group, primarily involving people living with HIV representing the priority population groups, completed community engagement to test key concepts and gather insights on HIV stigma. This will inform development of an HIV campaign to challenge stigma and discrimination.
 • In response to the increase in HIV cases in Fiji, officials presented to the heads of Public Service Agencies in Fiji to provide insight on the management of HIV in New Zealand. Health NZ is also working with stakeholders to raise awareness of HIV amongst the Pacific population in New Zealand and increase HIV and STI testing.
 • Training, endorsed by the Nursing Council and the Pharmacy Council, continued to be promoted for nurses and pharmacists to provide hepatitis C treatment without prescription. 
• The HIV Monitoring Plan was published in June 2024 to support and measure progress towards achieving the goals and targets of the HIV Action Plan. Work is underway to develop the first HIV Monitoring Report. This report is expected to be delivered mid-2025.
 • Work to develop a teaching package for midwives on syphilis and other STIs has progressed with consultation with subject matter experts. The New Zealand College of Midwives is working in collaboration with Ngā Maia Māori Midwives Aotearoa and Pacific Midwives Aotearoa/Moana Connect to deliver the training.
 • Work commenced on preparations for procurement to identify a provider to develop a national campaign to raise awareness of syphilis and promote testing in sexually active heterosexual people. The campaign aims to address the increasing rates of syphilis in New Zealand and the associated cases of babies being born with congenital syphilis.",,,,,,
2024-29344,Associate Minister of Education,1,"What Cabinet papers, if any, did the Minister take to Cabinet during the week beginning Monday 27 May 2024, by title and date?","I took the following paper to Cabinet during the week beginning Monday 27 May 2024:

• Education (Early Childhood Services) Amendment Regulations 2024.",,,,,,,
2024-75768,Minister of Health,1,"What progress, if any, has been made in the quarter July to September 2024 on the proposed action ‘agree baseline acute care performance data to underpin this programme of work’ under ‘Strategic Priority Area 3: Data, insights, and intelligence’ within Te Whatu Ora’s ‘Acute Care Plan 2024’?","As previously advised in my response to Written Parliamentary Question 56485 (2024), this action is complete.","I am advised that work on acute care performance data was completed during the April to June 2024 quarter, and as a result, this action is now completed.",,,,,,
2024-1314,Associate Minister of Justice,1,"What consultation, if any, has the Minister had with the New Zealand Police regarding reforms to the Arms Act 1983?",I have met with Police regarding my broader work-programme for firearms reform.,,,,,,,
2024-66371,Associate Minister of Housing,1,"What written advice, if any, has the Minister received on gendered experiences of homelessness by title and date?",I refer the member to my reply in WPQ 66369 (2024).,"As Associate Minister of Housing with responsibility for homelessness and emergency housing, I very regularly receive advice on these topics from my officials. I do not believe it is a good use of public resource to count and categorise them. Titles and dates of advice received can be found online at https://www.parliament.nz/en/pb/order-paper-questions/written-questions/",,,,,,
2025-20661,Minister for the South Island,1,"What letters, if any, has the Minister sent to the Minister of Health to express concerns about the proposed reduction of Intensive Care Unit beds from 30 to 20?",None.,,,,,,,
2024-69396,Associate Minister of Health,1,"What progress, if any, has been made in the quarter April to June 2024 toward the objective ‘Improve access to and uptake of hepatitis C testing and treatment services in prisons’ under ‘Focus area 5: Integration and access to care’ in the National Hepatitis C Action Plan?","I am advised that during the April to June 2024 quarter, two Corrections facilities in the Northern region were trained in point-of-care testing and Dry Blood Spot testing. It is hoped these options will result in greater uptake of testing by inmates who reportedly are often not comfortable to undertake more invasive blood testing. A national webinar with Corrections staff also took place end of May 2024.

I am further advised that Te Manawa Taki region continued to offer regular clinics at Probation Service centres using the mobile hepatitis C van. This is a pilot approach working in collaboration with an HIV nurse, who also offered HIV and syphilis testing.",,,,,,,
2024-62403,Minister of Health,1,"What measures, if any, is he and/or Health New Zealand taking to implement the strategy keeping performance improvement pressure and focus in the ‘goldilocks zone’, as per the briefing titled managing the potential for gaming and unintended consequences of health targets, as at 24 September 2024?",I refer the Member to Written Parliamentary Question 62398 (2024),"I am advised that while developing the health targets and the implementation approach, Health New Zealand has also developed a suite of balancing metrics that will be used to understand where any unintended consequences occur. That will include specific monitoring for gaming. 

I am further advised that there is weekly, monthly, and quarterly performance reporting to support progress towards meeting the target milestones, plus meetings with Districts and Regions regularly where identified risks are discussed.",,,,,,
2025-34837,Prime Minister,1,"Is the United Nations and its institutions important to the foreign policy of the Government he leads and if so, why?","Yes. My Government has consistently spoken of the importance to our interests of multilateral institutions and norms. In particular, we have steadfastly called for respect for the UN Charter and the rules-based international system that underpins our collective security and prosperity.",,,,,,,
2024-79870,Minister of Health,1,"Is it correct that Health New Zealand's data and digital programme 'Network Infrastructure Replacement (LK 10848)' will be cancelled or deferred, if so, what impact, if any, will that have on Health New Zealand’s ability to deliver health services to New Zealanders?",I refer the Member to my response to Written Parliamentary Question 79611 (2024).,"I am advised that as part of the capital planning process for 2024/25, Health New Zealand is carrying out a prioritisation exercise to identify activities that could be stopped or deferred due to being a lower priority or having poor cost/benefit ratios, to ensure that funded activities were aligned with objectives and imperatives. 

I am further advised that risk assessments are carried out for all activities with potential for being stopped or deferred, with clinical risk and the operational impact on critical services being primary considerations. I am also assured by Health NZ that stop/defer decisions do not introduce new clinical risks.",,,,,,
2024-79321,Minister of Health,1,"What is the anticipated date of completion of the 'Deliver' project phase of the 'New Child and Youth Health Community Hub, Gisborne Hospital', as part of Te Whatu Ora's Infrastructure and Investment projects?","I am advised that the deliver completion date for this project is not currently known as the forecast completion date is subject to change based on various factors, including system/cost pressures, necessary approvals, etc.",,,,,,,
2025-47418,Minister for Infrastructure,1,"How many jobs, if any, are expected to be created by the $6 billion of government-funded construction projects scheduled to commence between July and December 2025, broken down by project and sector such as health, education, and transport?",I refer the member to the answer to Written Question 47421 (2025) for the Infrastructure Commission.,"A list of projects comprised in the $6 billion figure that were able to be released was included with my announcement. More information is available at the following links: https://www.mbie.govt.nz/business-and-employment/economic-growth/going-for-growth/infrastructure-for-growth and 
https://www.beehive.govt.nz/release/infrastructure-projects-drive-jobs-and-growth",,,,,,
2025-4119,Minister of Health,1,"What actions, if any, have been taken in the quarter July to September 2024 to implement the recommendation ‘Ensure data are collected and reported nationally on CT, MRI and other outpatient radiology modalities’ as part of Te Whatu Ora Planned Care Taskforce Reset and Restore Plan?","Our Government is focused on delivering timely, quality healthcare for all New Zealanders. I refer the Member to Written Parliamentary Question 66564 (2024).","I am advised that Health New Zealand now reports nationally on CT, MRI, and other diagnostics such as colonoscopy and coronary angiography. This data is included in monthly performance reporting to Health New Zealand's leadership.",,,,,,
2025-28135,Minister for Women,1,Further to her answer to written question 23299 (2025): did she attend the report back in 2025?,No.,,,,,,,
2024-29287,Minister of Climate Change,1,Has the Minister received any advice that the Government's coalition agreements or policies are inconsistent with meeting our first or second Emissions Budget?,"I have not received advice that the Government’s coalition agreements or policies are inconsistent with meeting our first or second emissions budgets. The Government’s official projections of expected emissions reductions, available online, show that New Zealand is expected to stay within the first emissions budget from 2022 to 2025. 

I am currently preparing the next emissions reduction plan, which will set out the policies and strategies for meeting the second emissions budget, from 2026 to 2030. The Government will consult on this plan later this year.",,,,,,,
2025-15330,Minister of Health,1,"How many paediatric palliative care specialists have been employed by Health New Zealand in the past five years, and how many have left during that period?",The Member has already asked this question in Written Parliamentary Question 15102 (2025).,"Access to paediatric palliative care is a key part of ensuring children and their parents can get the care they need at an incredibly distressing time for families. I am advised that Health New Zealand holds employment records for paediatric palliative care specialists it employs. I am further advised that the following number of paediatric palliative care specialists were employed at Starship.

19 March 2025: 1
19 March 2024: 1
19 March 2023: 2
19 March 2022: 2
19 March 2021: 2
19 March 2020: 2",,,,,,
2024-59628,Minister for Tertiary Education and Skills,1,"Will, if at all, the disestablishment of Te Pukenga lead to job losses?",I refer the Member to the Minister of Tertiary Education and Skills response to written parliamentary question 59627 (2024).,"Yes, the disestablishment of Te Pūkenga will naturally lead to job losses at Te Pūkenga head office. 

There are also a range of changes that will need to be made across the institutes of technology and polytechnic sector to improve financial sustainability and ensure we have a viable vocational education and training network.",,,,,,
2024-51713,Minister of Health,1,"Further to WPQ 44698(2024), on which dates were each of the 67 non-disclosure agreements agreed, listed by relevant staff member?",I am advised that the 67 non-disclosure agreements were signed between 27 June – 31 July 2024.,,,,,,,
2025-40957,Prime Minister,1,"Did he meet with RBNZ officials on 19 August 2025, if so, who attended?",I refer the member to my reply to Written Parliamentary Question 40950 (2025).,"In my capacity as the Prime Minister, I met with the acting Governor of the Reserve Bank of New Zealand Christian Hawkesby, on 18 August 2025 at 5:30pm. We had a wide-ranging conversation on recent developments in the New Zealand economy and the forward macroeconomic outlook. The following people also attended:

• Minister of Finance, Hon Nicola Willis 
• Assistant Governor, Karen Silk 
• Reserve Bank of New Zealand Chief Economist, Paul Conway 
• Treasury Secretary, Iain Rennie 
• Treasury Chief Strategist and Observer for August MPS, James Beard
• Advisors to the Prime Minister and Minister of Finance.",,,,,,
2024-10640,Minister of Police,1,"What discussion, if any, regarding training no fewer than 500 new frontline police within the first two years occurred at the Justice Sector Minister Group on 12 December 2023?",None.,,,,,,,
2024-74038,Minister for Social Development and Employment,1,"What is the number of, and amount spent, on hardship assistance payments approved for accommodation-related costs for each quarter since March 2024, broken down by ethnicity, age band, gender, payment purpose, and payment recoverability?","I refer the member to the attached tables:
• Table One: The total number of hardship grants and amount granted for accommodation-related costs for the period 1 January 2024 to 30 September 2024, broken down by ethnicity.
• Table Two: The total number of hardship grants and amount granted for accommodation-related costs for the period 1 January 2024 to 30 September 2024, broken down by age. 
• Table Three: The total number of hardship grants and amount granted for accommodation-related costs for the period 1 January 2024 to 30 September 2024, broken down by gender. 
• Table Four: The total number of hardship grants and amount granted for accommodation-related costs for the period 1 January 2024 to 30 September 2024, broken down by recoverability.",,,,,,,
2024-19877,Minister of Health,1,"What progress, if any, has been made in the quarter October to December 2023 in actioning the recommendation ‘Expand the options for access with a particular focus on hapū māmā Māori and Pacific people’ under ‘Priority Area 3: Antenatal immunisations’ within the ‘Initial Priorities for the National Immunisation Programme in Aotearoa 2022’?","In December 2023 I announced a two-year $50 million package to help Māori health providers lift immunisation rates. I am further advised that Pacific providers have also been recently supported to deliver community initiatives for Childhood Immunisations, Influenza and COVID-19 vaccinations in the Northern and Te Manawa Taki regions. 

I am further advised that a new website, www.immunise.health.nz, was launched where health professionals and consumers can find information on antenatal immunisations. Work is continuing nationally, regionally, and locally to identify touchpoints where hapū māmā can have supportive conversations about immunisation.",,,,,,,
2025-1082,Minister of Health,1,"How many, if any, community collection centres in Health New Zealand's Wairarapa district have had their services changed - including reduced hours - since 27 November 2023, listed by collection centre, the services impacted, the date on which those services were first impacted, and average patronage for any affected period?",I am advised that the community collection centres in the Northland district are serviced by Awanui Labs. The Member may wish to raise this question with them.,,,,,,,
2024-1171,Minister for Racing,1,Does the Minister intend to end greyhound racing?,I refer the member to my answer to Written Parliamentary Question 796 (2024). I will form a view on this matter after I have considered the most recent advice on the industry’s progress.,"Since the Robertson Review in 2021, the greyhound industry in New Zealand has been ‘on notice’. Reaching a decision on the future of the greyhound industry is a priority for me, as industry participants and the wider public need some clarity on the future of the industry. I intend to consider the most recent advice on the industry’s progress before discussing the matter with Cabinet.",,,,,,
2024-67933,Minister for ACC,1,"What issues, if any, have been identified with the ACC’s forecasting measures?",I refer the member to Written Parliamentary Question 67932 (2024),I am advised ACC regularly reviews its forecasting assumptions and no material issues have been identified with its forecasting approach.,,,,,,
2024-80754,Minister of Transport,1,Has there been any forecasts on increased traffic congestion if the Melling Train Station is no longer viable?,I am advised that these forecasts have not been undertaken.,,,,,,,
2024-10340,Minister of Climate Change,2,"Has the Minister requested or received any advice on NIWA job cuts; if so, list by title, date, intended audience?","I am not responsible for NIWA as Minister of Climate Change, as such I have not received any briefings related to any job cuts at NIWA.",,,,,,,
2024-56061,Minister for Workplace Relations and Safety,1,"How were the selection criteria for the participating members of the targeted consultation on the Holidays Act reform determined, and when was this criterion decided upon?","I am advised that when they registered interest in being part of the targeted consultation, stakeholders were asked for a range of information about themselves such as the stakeholder group they represent, their business size, sector and work and pay arrangements, the type of payroll system they use and population group/s they represent. The Ministry of Business, Innovation and Employment used this information to select stakeholders who would provide a wide range of perspectives, under the groupings of technical experts, employer perspective and employee perspective.",,,,,,,
2025-799,Minister of Transport,1,"What actions, if any, has the Minister's departments or agencies, if any, made in implementing the Cabinet Office Circular titled Needs-Based Service Provision?","I am advised the Ministry of Transport is reviewing the circular to identify if there are any impacts or changes required to the delivery of their functions.

I am advised the New Zealand Transport Agency Waka Kotahi (NZTA) designs all its services in line with relevant legislation, Cabinet policy decisions, government direction and the decisions and direction of the NZTA Board.",,,,,,,
2025-57015,Minister of Transport,1,"Further to WPQ 55130 (2025), did any Minister make, alter, accelerate, or override funding or approval decisions for Far North bus services, if so, did those decisions align with or depart from agency advice?",I refer the Member to my response to Written Parliamentary Question 56997 (2025).,Yes. NZ Transport Agency Waka Kotahi (NZTA) provided advice to the Minister of Transport in December 2023 (BRI-2921 refers) which included several options for Transport Choices projects. The option chosen was to not allocate funding. The advice is publicly available.,,,,,,
2025-43700,Associate Minister of Education,1,How many lunches meant to serve specific dietary or religious needs were delivered late during the week of September 1st 2025?,I refer the Member to the response to written parliamentary question 43712 (2025).,"I am advised that the Ministry of Education (the Ministry) does not track lunches across all suppliers and internal meal providers in the programme.

During the week of 1 September 2025, the School Lunch Collective (SLC) delivered 493,132 lunches and informed the Ministry that one school received lunches late.

This is also my response to written parliamentary question 43700 (2025).",,,,,,
2024-82238,Minister of Revenue,1,"What policy work, if any, is Inland Revenue currently undertaking in coordination with the Auckland Policy Office, listed alphabetically?",None.,,,,,,,
2025-24149,Minister of Police,1,Will police officers be trained to ensure notices are not misused or applied inconsistently across different cases or demographic groups under the proposed changes in the Crimes Legislation (Stalking and Harassment) Amendment Bill?,I refer the Member to my response to Written Parliamentary Question 24139 (2025).,"I am advised that Police is still working through the initial planning stages for the proposed Crimes Legislation (Stalking and Harassment) Amendment Bill. As is standard with new legislation, training for frontline officers will be developed and implemented once the final content of the Bill is confirmed and passed by Parliament.

This is also my response to Written Parliamentary Questions 24149 and 24151 (2025).",,,,,,
2024-36872,Minister of Internal Affairs,1,"What correspondence, if any, has the Minister or their Office sent or received with Bay of Plenty Regional Council or its representatives, during the period 27 November 2023 to 5 June 2024, listed by title and date sent/received?",None.,,,,,,,
2025-4136,Minister of Health,1,"What actions, if any, have been taken in the quarter July to September 2024 to implement the recommendation ‘Where nationally validated management guidelines for a condition have been developed these should be referenced as having been consulted and appropriately followed when referring to secondary services’ as part of Te Whatu Ora Planned Care Taskforce Reset and Restore Plan?","Our Government is focused on delivering timely, quality healthcare for all New Zealanders. I refer the Member to my response to Written Parliamentary Question 44366 (2024).",I am advised that clinical pathways include validated management guidelines and are available to primary care nationally. These are part of referral grading and triage processes currently used by clinicians.,,,,,,
2024-72218,Minister responsible for RMA Reform,1,"How many companies, if any, with projects set to be included in the fast-track approvals bill have unpaid debts due to the department of conservation; listed by company and debt owed?",I refer the Member to the response to written parliamentary question 72223 (2024).,"The Department of Conservation has identified eight entities in the Fast-track Approvals list with debt owing (for example, from late payments), totalling just under $18,000. The details of this debt are commercially sensitive and cannot be disclosed.",,,,,,
2025-23370,Minister of Defence,1,"What reports, briefings, emails, memos, aides-memoire, notes or written advice, if any, has the Minister and/or her Office received that specifically mention ""shipping lanes"" with the United States of America; listed by title and date received?",Monthly lists of briefings that I have received as part of my Defence portfolio responsibilities since January 2024 are regularly proactively released on the New Zealand Defence Force website at https://www.nzdf.mil.nz/media-centre/official-information-requests/,,,,,,,
2025-17474,Minister of Finance,1,"What advice, if any, has she received on the specific impact of tariff changes on dairy and meat exports?",None.,,,,,,,
2024-3469,Minister for Disability Issues,1,What are the titles of briefings the Minister has received in relation to the need to limit the criteria of the disability support funding?,"22 February 2024 - Briefing REP-WHK-24-02-018 Changes to Equipment and Modification Services and flexible funding to manage Whaikaha expenditure
7 March 2024 - Briefing REP-WHK-24-03-025 Update on progress on Whaikaha savings options
14 March 2024 - Memorandum - Update on implementing changes to EMS and flexible funding to manage Whaikaha expenditure",,,,,,,
2025-33890,Minister for Workplace Relations and Safety,1,"How many, if any, of the Full-Time Employees working on the road cone hotline during the week of June 30th 2025 have other responsibilities as part of their roles at WorkSafe?",I refer the Member to my previous response for written question 32713 (2025). I am advised there has been no change to the level of resource.,I am advised that for the week of 23 June 2025 WorkSafe New Zealand has two full-time staff that support the processing and triaging of notifications and the day-to-day operation of the pilot. The pilot is also supported by a project team of three full-time staff who also manage other projects across WorkSafe.,,,,,,
2025-47382,Minister for Women,1,"What conversations, if any, has she had with the Chief Executive of the Ministry for Women regarding the future of the Ministry for Women, and on what dates did these conversations take place?",I had a brief conversation with the Chief Executive of the Ministry for Women on 10 September 2025 about the future of the Ministry.,,,,,,,
2024-9918,Minister of Health,1,"What progress, if any, has been made in the last quarter (October – December 2023) to ‘Consult on and co-design a consumer health data literacy service’ under ‘Horizon One’ of the Data and Information Strategy for Health and Disability: Roadmap 2021-2024?","I am advised that during the October - December 2023 quarter, as part of the Hira Programme, Health New Zealand continued to engage with communities to learn about their health information needs. This included understanding current barriers for sharing and using health information, so these barriers can be addressed. Understanding and addressing health literacy, and improving digital equity, is a key part of this.",,,,,,,
2025-15212,Prime Minister,2,"Did the Prime Minister have any discussions with Minister Stanford between Friday 7 March and Tuesday 11 March, and if so, did any of these discussions relate to food in schools or the status of providers, including Libelle?",No.,,,,,,,
2024-28984,Minister of Revenue,1,Does the Minister believe Inland Revenue will have enough time to prepare and administer tax changes by 31 July?,Yes.,,,,,,,
2025-5417,Minister for Social Development and Employment,1,Who made the decision to hold the MSD Officials meeting on 9/12/2024 at 8:30 AM - 9:00 AM?,The decision was made in consultation with my office.,,,,,,,
2024-73582,Minister for Economic Development,1,"What criteria, if any, is employed to determine the suitability of applicants for government appointments to boards in the Ministry of Business, Innovation and Employment, as at 11 November 2024, listed verbatim as contained in relevant appointment documents / disclosure forms?","The Ministry of Business, Innovation and Employment manages appointments to over 40 boards and other bodies. The criteria for appointment varies depending on the board, the role, and the Minister's priorities.",,,,,,,
2025-45826,Minister of Education,1,"What specific criteria and evidence, if any, did the Ministry of Education use to determine to make outdoor education a Vocational Education and Training subject on the new general subject list; listed by reports, analyses, or assessments that informed this decision?",I refer the Member to my response to written parliamentary question 45823 (2025).,"Outdoor Education was included as an industry-led subject to reflect its vocational focus and alignment with industry-specific pathways to tertiary study and employment. Industry-led subjects will sit alongside Ministry-led subjects and students will be able to pursue both to achieve a single qualification.
This is also my response to written parliamentary question 45826 (2025).",,,,,,
2025-45831,Minister for Children,1,"How many, if any, staff were placed on leave between 1 January and 31 July 2025 due to a workplace incident being investigated at Oranga Tamariki's Epuni care and protection facility, listed by role?","I am advised by Oranga Tamariki that while the information requested is held, in order to provide a response to this question as asked, it would require significant manual collation and I am not prepared to ask this of my officials at this time. As such, in accordance with the Speaker’s Ruling 199-3, I consider that the time, and therefore the expense, of answering the Member’s question is not in the public interest.",,,,,,,
2025-17001,Minister of Health,1,"What progress, if any, has been made in the quarter October to December 2024 on the outcome ‘people with diabetes experience optimal glycaemic control and can access regular kidney, eye, foot, nutrition support from dietitians and cardiovascular health checks’ under ‘Priority area 2: Disease prevention, health promotion and management of good health’ within ‘Te Mana Ola: The Pacific Health Strategy’?",I refer the Member to reply number 16884 (2025),"As part of the Government's focus on delivering access to timely, quality healthcare for all New Zealanders, I am advised that work continued in the October to December 2024 quarter on a range of actions outlined in the replies to Written Parliamentary Questions on these matters in previous quarters.",,,,,,
2025-53155,Minister of Climate Change,1,"Which agencies, if any, were consulted regarding industrial allocation for New Zealand Units (NZU) under the Climate Change Response Act 2002 (CCRA) in 2021?",I refer the member to my answer to Written Parliamentary Question 53154 (2025).,"The Treasury, the Ministry for Business, Innovation and Employment and the Ministry for Primary Industries were consulted on the annual updates to industrial allocation regulations in 2020, 2021, 2022, and 2023.

This answer also addresses Written Parliamentary Questions 53155, 53156, and 53157 (2025).",,,,,,
2025-39493,Minister of Justice,1,"How many people, if any, changed their enrolment on the Ilam roll between 2 October 2023 and 13 October 2023 (inclusive)?",I refer the Member to reply 39438 (2025).,"I refer the Member to table 1, attached.

I am advised that the Electoral Commission is unable to separate people that re-enrolled or updated their details on election day from those that did so during the advance voting period as the date at which paper voting forms were turned into the voting place was not recorded. 
However, the table below shows the number of people that re-enrolled or updated their details on the respective roll between 2 October 2023 and 14 October 2023.",,,,,,
2025-5695,Minister of Justice,1,Does the Minister have confidence that the Electoral Commission currently has the capacity to effectively run a by-election or snap general election in which the result will have integrity?,Yes.,,,,,,,
2024-9654,Minister of Foreign Affairs,1,Is the Minister aware of any recent discussions between MFAT officials and Indonesia’s Government seeking urgency in attempts to secure the release of the New Zealand hostage Philip Mehrtens?,Refer to the answer to 9604 (2024).,,,,,,,
2025-10104,Prime Minister,1,Further to his answer to written question 6367 (2025): Was the member of staff who made his Chief of Staff aware of a potential incident involving Hon Andrew Bayly and a staff member an employee of Ministerial Services?,"I do not consider it is in the public interest to answer this question, to protect the privacy of staff.",,,,,,,
2025-7564,Minister of Justice,1,On what date did the Minister receive the proposal or proposals from the Ministerial Advisory Group for victims of retail crime relating to amending the Crimes Act provisions allowing for citizens’ arrests?,31 October 2024,,,,,,,
2025-45439,Minister of Police,1,How many individuals are registered on the National Gang List as of 10 September 2025?,"I am advised that as at 8 September 2025, there were 10,163 individuals on the National Gang List. The gang list is dynamic dataset. To ensure stability of information, the gang list is updated monthly and run on the eighth day of each month.",,,,,,,
2025-32957,Minister of Health,1,"What formal mechanisms currently exist for oversight of consumer and whānau engagement at the national level in Te Whatu Ora, including any relationship between regional Consumer Councils and a national oversight body?","As part of our focus on putting patients first and ensuring all New Zealanders have access to timely, quality healthcare, Regional Consumer Councils were established in mid-2024 and are now operationally managed by regional teams. As the Member will be aware, a secretariat group, with representatives from all regions and the Consumer Engagement and Whānau Voice team, coordinates structures and administrative systems nationally.",,,,,,,
2025-2930,Minister of Customs,1,"How many of the 110 disestablished positions at Customs, if any, were in border operations?","I am advised that as part of the New Zealand Customs Service (Customs) fiscal sustainability programme, it carried out a careful review of how services are delivered through the Customs 2024 Organisational Change Programme. This included reviewing existing vacancies and current positions to see where responsibilities and functions could be incorporated into other roles without compromising the delivery of services. Customs also reviewed the resources required in some areas where efficiencies have been gained through new technology and digital services. The review resulted in structural changes and realignment of functions. 

As part of Customs 2024 Organisational Change Programme, 17 of the 110 disestablished positions were in the Border Operations Group. There were also four new positions created in the Border Operations Group as part of the Customs 2024 Organisational Change Programme.",,,,,,,
2024-3206,Prime Minister,1,"What correspondence, if any, did he or his Office send or receive from Rt. Hon. Winston Peters or his Office during the week of 11 March 2024, by title and date?",There are communications discussing timing of announcements and press releases. Correspondence and official information requests are also transferred between ministerial offices for response by the responsible minister. I do not believe it is a good use of resource to list these. This also answers question 3205.,,,,,,,
2024-79233,Minister of Health,1,"What is the anticipated date of completion of the 'Design' project phase of the 'Radiology Facilities Redevelopment, Hawke's Bay Hospital', as part of Te Whatu Ora's Infrastructure and Investment projects?","As previously advised in my response to Written Parliamentary Question 39161 (2024), this action is complete.",I am advised that the design phase for this project was completed in April 2024.,,,,,,
2024-8778,Minister of Transport,1,"What is the total headcount as at Monday 15 April, for each of the Minister’s Departments, Ministries, and Agencies?","Ministry of Transport: 241 FTE
NZTA: 2,917
CAA: As at 31 March 2024, the Authority had 1,853 employees.",,,,,,,
2024-2426,Associate Minister of Housing,1,What are non-genuine emergency housing needs?,As Associate Minister of Housing (Social Housing) I refer the member to WPQ 2423 (2024),"Emergency Housing Special Needs Grants (EH SNG) are a last resort assistance for clients with an immediate housing need. The Ministry of Social Development (MSD) acknowledges every situation is different, before granting an EH SNG. Before granting an EH SNG, MSD case managers seek to understand where the person is currently living, how they could help people stay there, their circumstances leading up to them presenting to MSD and what they have been doing to seek alternative accommodation. MSD can support people through things like help with rent arrears, bond, rent in advance, ongoing support with accommodation costs, housing services and Ready to Rent programmes.",,,,,,
2025-53171,Minister for Mental Health,1,"What provisions exist in the 2025 Action Plan to expand and train the clinical and community workforce required to deliver methamphetamine harm-reduction programmes, and what funding has been set aside for that purpose?","I am advised $6.0M over four years, will support workforce development. This will include 
training and professional development for existing workforce, and also open up new 
opportunities for entry into the Mental Health and Addiction workforce.",,,,,,,
2024-1959,Minister of Agriculture,1,"What correspondence, including letters, emails, text messages, whatsapp, signal, or any other form of electronic communication, if any, did the Minister or any member of their Office receive between 4 December 2023 and 10 December 2023 from the Leader of the ACT Party or their Office by subject and date?",None.,,,,,,,
2025-42728,Minister for the Public Service,1,"Has any restructure of the Ministry for Ethnic Communities been proposed, if so, has he been consulted about possible changes to the structure or independence of the Ministry for Ethnic Communities, including on what dates and in what form?",I refer the Member to reply number 42730 (2025).,"The Public Service Commissioner has been looking at the whole of the Public Service in terms of the potential to group or reconfigure the current agencies in a way that will set them up for the future (see for example his February speech (link). No decisions have been made yet. No advice on changes to the Ministry for Ethnic Communities has been provided to Ministers. 

https://www.publicservice.govt.nz/news/sir-brian-roche-on-re-orientating-the-public-service?_searchAnalytics=eyJlbmdpbmVOYW1lIjoicHJvZC10a20iLCJxdWVyeVN0cmluZyI6IkJyaWFuIFJvY2hlIHNwZWVjaCIsImRvY3VtZW50SWQiOiJzaWx2ZXJzdHJpcGVfY21zX21vZGVsX3NpdGV0cmVlXzE1NzIiLCJyZXF1ZXN0SWQiOiJJWjEtZS1SYVJNbWZlUFdhTWxjbWhnIn0%3D",,,,,,
2024-43788,Minister of Police,1,"What was the number of foot patrols in the Auckland East area for June 2024, if any?",: I refer the Member to my response to Written Parliamentary Question 43783 (2024).,"I am advised that this information will be published at the end of the month on the Police website. https://www.police.govt.nz/about-us/statistics-and-publications/data-and-statistics/demand-and-activity.

This is also my response to Written Parliamentary Questions 43784, 43785, 43786, 43787, 43788 and 43789 (2024).",,,,,,
2024-1155,Minister for Social Development and Employment,1,"How many more Jobseeker Support – Health Condition and Disability recipients does the Ministry expect or project to be sanctioned, if any, because of the Minister’s direction to the Chief Executive that it is her “expectation that the Ministry apply the obligations and sanctions that already exist”?",I refer the Member to reply number 1153 (2024).,"I am advised by the Ministry of Social Development that they do not produce projections for the number of sanctions expected to be issued. 

This is also my answer for written parliamentary questions 1155 (2024), 1156 (2024), 1157 (2024) and 1158 (2024).",,,,,,
2025-35147,Minister for Workplace Relations and Safety,1,"How many, if any, Full-Time Employees were working on the road cone hotline during the week of July 14th 2025?",I refer the Member to my previous response for Written Question 32712 (2025). I am advised there has been no change to the level of resource.,I am advised that for the week of 23 June 2025 WorkSafe New Zealand has two full-time staff that support the processing and triaging of notifications and the day-to-day operation of the pilot. The pilot is supported by a project team of three full-time staff who also manage other projects across WorkSafe.,,,,,,
2024-18389,Minister of Immigration,1,"What correspondence, if any, has the Minister or their Office sent or received with Cook Costello or its representatives, during the period 27 November 2023 to 22 May 2024, listed by title and date sent/received?",My office has not identified any correspondence.,,,,,,,
2025-59257,Minister for the Public Service,1,"Given the confirmation in Written Question 54595 (2025) that ministerial offices were in receipt of PSC draft communications materials nearly two weeks before the industrial action on 23 October, does she consider that earlier public statements that she was “not aware of” of the PSC’s advertising campaign requires clarification or correction, if so, what steps will she take to ensure transparency, proper record-keeping, and clear protocols for the handling of draft communications materials from independent agencies in future politically sensitive situations?",No. I refer the member to written question 53190 (2025) and my personal statement in the House.,"The Public Service Commission’s communications strategy was provided to my office on three occasions: 

On 10 October 2025, my office received the Commission’s communication strategy, which did not include social media plans. This is the version that was discussed with the Prime Minister and myself.

On 14 October 2025, my office received the Commission’s updated communications strategy which outlined that it would use targeted social media to reach audiences most affected by the strikes as well as the wider public. 
 
On 17 October 2025, the Commission sent my office an updated communications strategy which outlined that it would use targeted (paid) social media to reach audiences affected by the strikes as well as the wider public. 

On the evening of 13 November 2025, my Office discovered that it had in fact been informed on 17 October 2025 that the targeted social media campaign was paid.

 The information published on social media was publicly available factual information. The messages were distributed via a channel previously used by the Commission. The Commission has paid for targeted social media before, most recently in 2022.",,,,,,
2024-3627,Minister for Land Information,1,"What advice, briefings, reports, aide-memoire or any other documents, if any, has the Minister or any member of their office received relating in part or in whole to the Public Works Act 1981?","I have received the below two briefings relating to the Public Works Act 1981.
• BRF 24-304 Addressing land acquisition challenges under the Public Works Act 1981
• BRF 24-328 Further advice on the Public Works Act 1981 and Fast Track Consenting.

Further to these briefings, I received the below items in my weekly reports.
• Severe Weather Emergency Recovery Legislation Order in Council – modifications to the Public Works Act (BRF 24-271 Weekly Report to the Minister for Land Information 01.02.24)
• Severe weather Emergency recovery Legislation Order in Council – inclusion of the Public Works Act (BRF 24-279 Weekly Report to the Minister for Land Information 08.02.24)",,,,,,,
2025-5947,Minister for Māori Development,1,"Further to WPQ 4703 what criteria, if any, does he use to determine whether he will or will not respond to tribunal claimants?",I refer the member to my reply to question 4703 (2025). The specific correspondence the member is referring to was addressed to the Governor-General.,"All citizens and groups are welcome to express their comments, and I encourage a wide range of opinions and views as part of a thriving society. Given the diversity of opinions and views that I hear and receive every day, I would not want to start expressing my views in response to each.",,,,,,
2025-23876,Minister for Food Safety,1,Has he met with pesticide manufacturers in relation to proposed changes to glyphosate residue limits?,No,,,,,,,
2025-52730,Minister for the Public Service,1,"What changes, if any, were made to the Public Service Commission’s paid advertising or communications strategy following the concern raised by a government department, and who authorised those changes?",None,,,,,,,
2025-50853,Minister for the Public Service,1,"What is the Government’s plan, if any, if agencies exceed the $1.25b contractor spending cap due to unforeseen demand pressures?",Our expectation is that agencies will manage to their forecast spend and notify us if they want to amend their intended expenditure.,,,,,,,
2025-3292,Minister of Finance,1,Has the Minister received any advice on whether a corporate income tax cut would primarily benefit large multinational corporations?,I have sought advice on a range of policies to support economic growth as part of Budget 2025 including tax policies. Any advice on these initiatives will be released as part of the proactive Budget release as appropriate.,,,,,,,
2024-59961,Minister for Workplace Relations and Safety,1,"If the Minister has received advice on the implications of the Court of Appeal judgment CA645/2022 [2024]NZCA 403 on the proposed criteria for the gateway test for contractors, what is the substance of that advice as it relates to the third criteria about time of work or subcontracting work?",I refer the Member to my response to Question for Written Answer 59960 (2024).,The Ministry of Business Innovation and Employment has not provided advice on the implications of the Court of Appeal judgment CA645/2022 [2024] NZCA 403 for the proposed criteria for the gateway test for contractors.,,,,,,
2025-22702,Minister for Vocational Education,1,"What correspondence, if any, has the Minister received from Te Pūkenga providers about Performance Based Research Funding, by date and title?","In my capacity as Minister for Vocational Education, none.",,,,,,,
2025-9234,Minister of Foreign Affairs,1,"What reports, briefings, emails, memos, aides-memoire, notes or written advice, if any, has the Minister and/or his Office received regarding the potential for the United States of America to impose tariffs on New Zealand; listed by title and date received?",I refer the Member to the Minister for Trade and Investments response to WPQ 9237 (2025).,"I refer the Member to the attached table. 
One title is withheld under Speaker's Ruling 199/6.",,,,,,
2025-15082,Associate Minister of Finance,2,Does the minister consider that all people affected by a proposal should be consulted when policy is being developed; if so why was the consultation of the Natural Hazards Commission levy targeted only?,"I believe it is important that people affected by policy have the opportunity to be heard. In this case, a targeted consultation was considered to strike the best balance between timely action and informed decision-making, given the current risks under existing settings. It enabled timely engagement with representative groups, supported a more streamlined process, and allowed for earlier decisions on the taxpayer/levy-payer risk share, helping to avoid prolonged risk to the Crown and taxpayers.",,,,,,,
2024-44354,Minister of Health,1,"What actions, if any, have been taken in the quarter (January to March 2024) to implement the recommendation ‘Develop a national dataset that enables identification of all patients on colonoscopy and gastroscopy waiting lists’ as part of Te Whatu Ora Planned Care Taskforce Reset and Restore Plan?",I am advised no action has occurred during the January to March 2024 quarter.,,,,,,,
2025-18280,Associate Minister of Education,2,"Has the Ministry asked schools to weigh their meals to ensure they’re not receiving undersized meals; if so, how many schools have been asked?",I refer the Member to my response to written parliamentary question 18279 (2025).,"I am advised by the Ministry of Education (the Ministry) that meal assessments for School Lunch Collective model schools start from Term 2 in line with the Services Agreement.

During Term 1, two schools contacted the Ministry with concerns that the meal size did not meet the nutrition standards and these meals were weighed.

Meal assessments, including weighing of meals, is standard practice for the Ministry to do for external model schools in previous iterations of the programme. 

Internal Model and Iwi / Hapū schools have not had meals weighed in previous years as part of meal assessments.",,,,,,
2024-81025,Minister of Health,1,"What progress, if any, has occurred to achieve the initiative 'Redesign rural unplanned care provision and review rural hospital sustainability' included on page 13 of High Level Implementation Plans - Achieving the Health Targets, as at 16 December 2024?",I am advised that the Rural Urgent Unplanned Care and Rural Hospital Sustainability projects are both near completion. I am further advised that detailed plans to progress implementation of the recommendations are being developed for approval in 2025.,,,,,,,
2025-34874,Minister of Housing,1,"How many tenants, if any, have been evicted from Jordan Ave, State Ave and Rowlands Ave state housing complexes since 27 November 2023?",Kāinga Ora - Homes and Communities advises me that no tenants have been evicted from Jordan Avenue or Rowlands Avenue since 27 November 2023,,,,,,,
2024-8676,Minister for Oceans and Fisheries,1,"What correspondence, including letters, emails, text messages, whatsapp, signal, or any other form of electronic communication, if any, has the Minister or any member of their Office received during the week of Monday 15 April, from the NZ First Leaders Office by subject and date?","My office receives and replies to a large volume of correspondence on a daily basis. To identify, classify and provide a list of all correspondence would impede the operation of my office which is not in the public interest.",,,,,,,
2024-72841,Minister of Health,1,"What progress, if any, has been made in the quarter July to September 2024 on the outcome ‘People feel safe to access health care services, regardless of their ethnicity, age, gender, sexuality, disability and mental health status’ under ‘Priority area 4: Access’ within ‘Te Mana Ola: The Pacific Health Strategy’?",I refer the Member to my response to Written Parliamentary Question 49639 (2024).,"I have been advised that as a strategic document, the priorities outlined in Te Mana Ola are high level and serve to provide direction for the health system and partner agencies to target efforts in ways that support Pacific people's wellbeing.
 
Aligned with Te Mana Ola priorities, the health system has delivered and progressed support for Pacific health services in important areas such as: 
• Continuation of Pacific outreach activities for immunisations - this includes a recent initiative to support Recognised Seasonal Employer workers to be vaccinated
• Healthy homes initiatives
• Further supporting Pacific providers 
• Progressing plans to strengthen actions to address Pacific diabetes 
• Continued support for tailored maternity services for Pacific mothers and babies
• Expanding support for Pacific mental health services. 

Actions within this current phase have been important to support the next phase of implementation which is around establishing the monitoring processes to track system performance. This will be closely linked into the monitoring processes currently happening across the health system as part of the Government Policy Statement on Health 2024-2027. As such, progress against individual outcomes named in Te Mana Ola cannot yet be reported on a quarterly basis.",,,,,,
2024-55655,Associate Minister of Justice,1,"What events and meetings regarding the Treaty Principles Bill, if any, was the Minister invited to between 1 August 2024 to 31 August 2024 and who were they with, listed by date and subject?","21 August 2024, Ministry of Justice officials.",,,,,,,
2025-29237,Minister for Universities,1,"What events or meetings, if any, did the Minister decline to attend during the week beginning 2 June 2025 , including location, event description, and attendees?",I have received a large number of meeting requests and invites over this period. My office does not keep record which of these are unable to be attended.,,,,,,,
2024-13128,Associate Minister of Health,1,"What progress, if any, has been made in the quarter October to December 2023 in achieving ‘reduce risk factors and increase protective factors to prevent a disease in those who are well’ under ‘Priority 2: Prevention: paving the path to a healthier future’ within the Rural Health Strategy 2023?",I refer the Member to Written Parliamentary Question 13095 (2024).,"I am advised that the Rural Health Strategy sets the long-term direction for improving rural health outcomes. The forthcoming Government Policy Statement on Health (GPS) 2024–2027 and New Zealand Health Plan will include expectations and actions over a three-year period that improve rural health outcomes. Monitoring the Rural Health Strategy is a requirement under the Pae Ora (Healthy Futures) Act 2022 and will be undertaken by officials at key points in the accountability cycle. Consequently, no formal monitoring has been undertaken of priorities from the Rural Health Strategy that were progressed through actions in the specific quarter October-December 2023.",,,,,,
2025-15042,Minister for Seniors,2,"Has she taken any papers to Cabinet Committees between December 31 2024 and March 25 2025, and if so how many?","As Minister for Seniors, no.",,,,,,,
2025-50248,Minister of Transport,1,"How many people have been employed directly or indirectly on SH22 (Drury) Corridor Upgrade – interim works, Auckland, as at 17 October 2025?","I am advised that NZ Transport Agency Waka Kotahi currently has approximately 4 FTE working on this project. It is important to note that staff work across multiple projects at any one time.

It is not possible to accurately quantify the number of people who have worked on this project since its inception.",,,,,,,
2025-988,Minister of Health,1,"What was performance of the health target / balancing measure 'Proportion of patients who ‘do not stay’ for treatment (number and % of DNW vs ED presentations)' as contained in monthly performance reviews under the purview of the Entity Performance Framework, for the months of September 2024, October 2024, November 2024 and December 2024?",I am advised that data is verified on a quarterly basis and that the full verified data for the requested period is not yet available.,,,,,,,
2025-9612,Minister of Finance,1,"What meetings, if any, did she have in the week beginning 3 February 2025?",I refer the Member to the proactive diary releases available at: https://www.beehive.govt.nz/minister/hon-nicola-willis,,,,,,,
2024-23909,Minister for the Prevention of Family and Sexual Violence,1,"Further to reply 12807 (2024); Is she concerned given she is responsible for leading the whole-of-government approach to substantially prevent, reduce, and address family and sexual violence that changes at ACC as a result of the governments request for savings could impact ACC’s capacity to respond to sexual violence?","I refer the Member to my answer to WPQ 12807 (2024).

Individual Ministers and agencies retain their responsibilities for their appropriations.","Yes, I stand by my statement, however I am not responsible for operational decision-making at ACC.",,,,,,
2024-80729,Minister of Justice,2,"Was Emma Finlayson-Davis suggested to him for appointment to the Criminal Cases Review Commission, and if so, who suggested her?","Ms Finlayson-Davis was not suggested to me. She submitted an expression of interest in response to a public advertisement, as per my previous answer to WPQ 78688 (2024).",Ms Finlayson-Davis submitted an unsolicited expression of interest in appointment to the Criminal Case Review Commission.,,,,,,
2025-28192,Minister of Foreign Affairs,1,"What has been the annual operational budget for each New Zealand diplomatic mission over the past five years, and how are those budgets allocated across different functions such as diplomatic engagement, consular services, trade promotion, and cultural activities?","The attached table details the last five years of operating budget for each diplomatic mission. Please note foreign exchange movement impact the costs. Budgets are allocated across the different functions based on agreed annual workplan and priorities of the Post, with staff time attributed to the different functions at departmental output class level.",,,,,,,
2024-43797,Minister for Children,1,"What, if any, is the reason for the difference between the number of children and young people with serious and persistent offending behaviour provided in the Factsheet Three for the Government Target on child and youth offending, and the number of children and young people with serious and persistent offending behaviour reported on indicator YJI 1.3 in the 2024 Youth Justice Indicators Summary Report?","I am advised by Oranga Tamariki that while the numbers referenced in the question are from the same source of data, they are for different time periods.

The 2024 Youth Indicators Summary Report shows the number of Serious and Persistent Youth Offenders (SPO) in each financial year (from 1 July to 30 June), whereas the numbers used in the Target 3 Factsheet shows 12-month rolling totals of SPOs to the end of each month.",,,,,,,
2025-48939,Minister for Women,1,Who was in attendance for her meeting with the Public Service Commission at 11.45am – 12.15pm on 20 August 2025?,"The Public Service Commissioner, a staff member from the Public Service Commission, and staff from my office.",,,,,,,
2025-57066,Minister of Transport,1,"Further to WPQ 55130 (2025), did the relevant Council, NZTA, or any Minister consider or approve using any non-transport funding source to replace or supplement transport funding for Stratford Schools Safety Project (pre-implementation only), if so, who initiated this and on what advice?",I refer the Member to my response to Written Parliamentary Question 57056 (2025).,"No. Following with withdrawal of CERF funding, local authorities were required to source their own funding. As Minister of Transport, I do not have oversight of any funding decisions made by councils. I suggest the Member contacts the responsible council for further information.",,,,,,
2024-44395,Minister of Health,1,"What progress, if any, has been made this quarter (January to March 2024) to establish ‘Whānau, Consumer and Clinician Digital Council’ within Te Whatu Ora, under the Health system reform roadmap - Data and digital?",I refer the Member to Written Parliamentary Question 8565 (2024),"I am advised that the Whānau, Consumer & Clinician Digital Council (The Council) was established. The Council meet fortnightly to review proposals and ensure they are aligned to national directions.",,,,,,
2025-16138,Associate Minister of Education,1,"What reports, briefings, emails, memos, aides-memoire, notes or written advice, if any, has the Minister and/or his Office received on any cost increase by Gilmours as the wholesaler for internal model schools and/or iwi/hapū partners for the free school lunches programme for the month of March 2025; listed by title and date received?","Titles of all advice that I have received has been, or will be, proactively released on the Ministry of Education website.
https://www.education.govt.nz/our-work/information-releases/

My office receives a large amount of material every week. Asking them to collate that material would require substantial collation and research and prevent them from undertaking their substantive roles. I do not consider this to be in the public interest.",,,,,,,
2024-38611,Minister of Transport,1,"What are the anticipated outcomes of the $1,167,971 allocated to Marlborough for Public Transport Services and Operations 2024-2027?",I refer the Member to reply number 38601 (2024),"I am advised that the anticipated outcome is the management and operation of contracted public transport services and total mobility transport services, to provide commuters with more choice and help to reduce travel times, congestion, and emissions.",,,,,,
2025-17259,Associate Minister of Agriculture,1,"How, if at all, will the Government measure and quantify the success of the recently announced initiative ""Going for Growth: backing NZ wool producers?""","Compliance with the woollen fibre’s procurement rules will be monitored by MBIE, and agencies will report on woollen fibre use in relevant procurements.",,,,,,,
2024-67661,Attorney-General,1,"What correspondence, including letters, emails, text messages, WhatsApp, signal, or any other form of electronic communication, if any, has the Attorney-General or any member of their Office sent or received during the week beginning 7 October 2024, to the NZ First Party Leader’s Office by subject and date?",To answer this question will require significant staff resources and I do not believe it is in the public interest to do so.,,,,,,,
2025-31928,Minister of Housing,1,How did the Government determine the priority locations for social housing delivery by strategic partners?,I refer the member to my response to WPQ 31927 (2025).,"I am advised that the priority locations for social housing delivery by strategic partners were chosen based on housing data that considered social housing need, existing delivery plans, the degree to which the housing market was producing desired outcomes, and emergency housing use. I understand that this process identified Auckland, Hamilton and surrounds, Tauranga, Porirua and Nelson-Tasman as priority locations, with Rotorua and Hawkes Bay also identified as priority locations for delivery through community partnership approaches.",,,,,,
2024-72441,Minister for the Environment,1,"Were the Minister's departments, if any, invited to submit for new spending initiatives or cost pressures for Budget 2024?",I refer the Member to the Minister of Climate Change's answer to written parliamentary question 72433 (2024).,I am advised the Ministry for the Environment was invited to submit a Budget 2024 new spending initiative for Resource Management Reforms - Replacement.,,,,,,
2024-39669,Minister of Education,1,"How, if at all, will parents be informed about their child’s progress through the introduction of ""consistent assessment tools""?","I am advised by the Ministry of Education (the Ministry) that schools and kura are required to report to parents on progress twice a year under the Education (School Boards) Regulations 2020. Under the existing regulations, parents and caregivers will get information on the results from the required assessment tools. 

As part of improving the consistency and quality of regular reporting (against the national curriculum) to parents and guardians, the Ministry will provide schools and kura with clear expectations for what student achievement and progress information is to be included in reports. This will ensure parents know how their child is progressing, where they might need help, and where they can be extended.",,,,,,,
2025-21039,Minister for Children,2,"Did Oranga Tamariki's Te Riu agree that Oranga Tamariki move to setting a benchmark for social worker caseload numbers across service lines and roles; if not, why not?",I refer the Member to my answer to WPQ 21038 (2025). I am advised by Oranga Tamariki that this work is ongoing.,"No. Consideration of caseload and workload sizing is an important element of the social work workforce strategy, but not the only consideration in addressing workload. 

I am advised by Oranga Tamariki that work is underway to clearly define the conditions needed to support practice excellence at their sites, including caseload and workload sizing.",,,,,,
2024-79181,Minister of Health,1,"What is the anticipated date of completion of the 'Design' project phase of the 'Critical Infrastructure Interim Works, Palmerston North Hospital', as part of Te Whatu Ora's Infrastructure and Investment projects?","As previously advised in my response to Written Parliamentary Question 39152 (2024), this action is complete.",I am advised that the design phase of this project was completed in April 2024.,,,,,,
2025-30667,Minister responsible for Ministerial Services,1,Do Police typically advise Ministerial Services when they obtain or are provided a Ministerial Services device by a member of the public?,The question should be directed to New Zealand Police.,,,,,,,
2024-22928,Minister of Corrections,1,"What progress, if any, has been made in the quarter January – March 2024 in implementing the goal ‘Develop and support roles that facilitate and navigate access and continuity of care for tāngata whaikaha Māori/disabled people and their whānau' as part of the Disability Action Plan?","I am advised that this is an immediate action in Corrections’ Disability Action Plan, which is now complete. For further information I refer the member to my response to WPQ 22914 (2024).","I am advised that this an immediate action in Corrections’ Ageing Well Action Plan. There is also an equivalent immediate action in Corrections’ Disability Action Plan. These actions are now complete. Four new Social Worker Disability and Older Persons roles have been established. Recruitment for these roles was completed during this period. 

These frontline regional operational roles aim to provide disabled persons, disabled Māori persons, older persons and their whānau with greater access to support and services to create more equitable outcomes and better continuity of care while the person is in prison and on their reintegration to the community.

This is also my response to WPQ 22928 (2024).",,,,,,
2025-53182,Minister for Pacific Peoples,1,"Has the Minister or his office directly engaged with Cook Islands Prime Minister Mark Brown to discuss pathways to repair trust and improve cooperation and if so what are those communications by date and title and if not, why not?","As these matters are the responsibility of the Minister of Foreign Affairs’, I refer the Member the Minister of Foreign Affairs’ response to WPQ 53176 (2025).",No.,,,,,,
2024-74161,Minister of Health,1,"What progress, if any, has been made in the quarter April to June 2024 in actioning the recommendation ‘Establish a National Immunisation Technical Advisory Group as per World Health Organization recommendations, with co-governance and underpinned by Te Tiriti o Waitangi’ under ‘Priority Area 8: Governance, technical advice and service coverage oversight’ within the ‘Initial Priorities for the National Immunisation Programme in Aotearoa 2022’?","I am advised that this recommendation has been completed. 

I refer the Member to my response to Written Parliamentary Question 19849 (2024).","I am advised that between October and December 2023, draft Terms of Reference for the National Immunisation Technical Advisory Group (NITAG) were developed. The NITAG membership was confirmed in May 2024 with the first meeting held on 30 May 2024.",,,,,,
2024-178,Minister for Children,1,"What advice, if any, has he received about the impact of boot camps for young offenders on children and young people’s mental health and wellbeing, by title and date?",I refer the Member to my answer to WPQ 177 (2024).,"I have received the following advice:
B-0029 Advice on the Introduction of Military Academies (received 20 December 2023)
B-0059 Aide Memoire Meeting: Meeting with the Ministers of Defence and Police 31 January – Military Academies (received 30 January 2024)",,,,,,
2024-12709,Minister of Transport,1,"How much, if any, does Ministry of Transport plan to spend to achieve a 7.5% cost-saving as at 6 May 2024?",None - internal resource has been utilised for any and all cost savings initatives.,,,,,,,
2025-50015,Minister for Women,1,"Further to her answer to written question 47382 (2025): who else was present for this conversation, if any, by job title?","I refer the member to the below list of attendees at the 10 September meeting with the Ministry for Women
• Chief Executive, Ministry for Women 
• Deputy Secretary, Engagement, Policy and Delivery, Ministry for Women 
• Chief Financial Officer, Ministry for Women
• Manager, Women in Leadership, Ministry for Women
• Principal Advisor, Ministry for Women 
• Staff from my office",,,,,,,
2024-38730,Prime Minister,1,"What KPIs, if any, have been set for Hon David Seymour, and on what date, if any, were they reviewed?",I refer the Member to reply number 38660 (2024),"I have had a range of discussions with ministers about my expectations. I expect ministers to carry out the Government’s priorities for their respective portfolios – this includes delivering on the commitments in the coalition agreements, the Government’s quarterly action plans, and actions to achieve the Government’s better public service targets.",,,,,,
2025-32649,Minister for Workplace Relations and Safety,1,"What evidence, if any, was provided to the Minister about the robustness of the previous pay equity regime in comparison to the new pay equity regime?","I have considered a range of official advice on the pay equity regime, which I intend to proactively release in due course.",,,,,,,
2024-43974,Minister for Whānau Ora,1,What brief and advice has Te Puni Kōkiri given to the Minister regarding Whanau Ora operational procurement process and contracts?,I refer the Member to reply written question 39425 (2024).,"The procurement process for Whānau Ora is an operational matter, led by Te Puni Kōkiri as the administering department. Te Puni Kōkiri has briefed me on the operational procurement process for Whānau Ora contracts when this is contextually relevant to other advice.",,,,,,
2025-48,Minister of Conservation,1,"How many, if any, applications for access arrangement for exploration on conservation land have been received and granted to mining companies since January 1, 2023, listed by name of company?","I am advised by the Department of Conservation that since 1 January 2023, the following applications for Access Arrangements and variations to Access Arrangements for exploration activities have been received and granted to the companies listed in the attached table.",,,,,,,
2024-9364,"Minister of Science, Innovation and Technology",1,"What, if any, Aide Memoires, Memos, Briefings, Reports or other advice or documents, did the Minister or her Office receive for her meeting with the AI Forum New Zealand held on 28 March 2024?",MBIE briefing 2324-2328 Meeting with the AI Forum of New Zealand.,,,,,,,
2024-29468,Minister of Justice,1,Is the target of enrolling 85% or more eligible voters as set out in the Estimates a more or less ambitious target than the prior target of 3.638 million people (in light of current population of eligible voters)?,"I am advised that the target of 85% of eligible voters enrolled amounts to a lower number of eligible voters than the previous target of 3.64 million. However, a percentage target better accounts for population change and reflects fluctuations in enrolment rate over the course of an electoral cycle.",,,,,,,
2025-33043,Minister for Resources,1,"Has the Minister been advised by officials whether the incorrect gas price data, if corrected prior to submission, could have changed the policy recommendations in the Cabinet paper titled ‘Potential for Crown cornerstone stake in new gas field developments to mitigate sovereign risk’?",The policy recommendations were not based on the incorrect gas price data.,,,,,,,
2025-5384,Minister for Social Development and Employment,1,Who attended the Crown Response Ministers meeting on 17/12/2024 at 5:45 PM - 6:30 PM?,"Multiple Ministers and officials. However, please note that attendees to meetings change frequently and an official record of attendees is not kept by my office.",,,,,,,
2024-69440,Minister of Conservation,1,"What plan, if any, does the Minister plan on submitting on behalf of New Zealand to preserve nature ahead of the COP16 global summit?","New Zealand has a national biodiversity strategy and action plan: Te Mana o Te Taiao – The Aotearoa New Zealand Biodiversity Strategy 2020. This was submitted to the Convention on Biological Diversity in 2020.
Consistent with New Zealand’s obligations under the Convention, New Zealand submitted national targets that draw from the strategy and are aligned with the Global Biodiversity Framework ahead of COP16.",,,,,,,
2025-43657,Attorney-General,1,"Further to WPQ 41024 What advice, if any, has the Attorney-General received from Crown Law on this matter by title and date?",Communications between the Solicitor-General and the Attorney-General are privileged; please see the responses to WPQ 41024 and 40932 (2025).,The office has received correspondence bringing Minister Van Velden’s comments to the Attorney’s attention. The office has sent and received communications about those queries.,,,,,,
2025-35831,Minister of Transport,1,"How many vacancies, if any, were advertised by the Minister’s departments, agencies, crown entities and any other bodies that the Minister is responsible for, if any, from January to June 2020, and how many total applicants, if any, were received for those vacancies?","I am advised that the Ministry of Transport advertised 34 vacancies between January and June 2020 and that the Ministry of Transport received 1520 applications between January and June 2020.
I am also advised by NZ Transport Agency Waka Kotahi that it does not have historical recruitment data available for the 2020 year.",,,,,,,
2025-57383,Minister of Defence,1,"How much, if anything, has Serco been contracted to provide for services in the current financial year, and how much has been paid to Serco to date?",I refer the Member to the response to question for written answer 57382 (2025). Serco is contracted to provide services totalling $2.4 million in the 2025/26 financial year.,As per the attachment,,,,,,
2024-45991,Minister of Health,1,"On what date, if any, did the Minister take a paper to Cabinet Committee seeking to appoint Lester Levy as Commissioner of Health New Zealand, and to which Cabinet Committee did he take the paper?",I did not take a paper to a Cabinet Committee. I refer the Member to Written Parliamentary Question 44595 (2024).,"I took a paper to Cabinet on 22 July 2024 asking Cabinet to note my intention to appoint Professor Lester Levy as Commissioner of Health New Zealand, which Cabinet noted during the meeting.",,,,,,
2024-49619,Associate Minister of Health,1,"How many people and organizations, if any, has she meet regarding Rongoa Maori by name and date?","I regularly meet with health sector advocates and organisations, where a range of topics may be discussed. A central record of every topic discussed in each meeting is not held. I refer the Member to my Ministerial diary, which is proactively released at:

https://www.beehive.govt.nz/minister/hon-casey-costello.",,,,,,,
2024-2559,Minister of Transport,1,"What correspondence, including letters, emails, text messages, whatsapp, signal, or any other form of electronic communication, if any, has the Minister or any member of their Office received between 14 October 2023 to 8 March 2024, from the NZ First Party Spokesperson for Transport by subject and date?",I refer the Member to Written Question reply 2552 (2024).,I was not the Minister of Transport between 14 October 2023 and 27 November 2023. Coalition parties communicate with Ministers and their staff on a daily basis. I do not consider it to be within the public interest for my office to justify the resource required to provide an exhaustive list of all material that the Member asks for within the timeframe of a Written Parliamentary Question.,,,,,,
2025-8895,Minister for the Environment,1,"What papers, if any, did the Minister take to Cabinet during the week beginning 03 March 2025, listed by title and date?",None.,,,,,,,
2024-54482,Minister of Health,1,"What actions, if any, have been taken in the quarter to expand access to clinical coaches for the Maori workforce?","I am advised that during the April to June 2024 quarter, Health New Zealand established six clinical coaching pilots with Hauora Māori PHOs to provide clinical coaching based on mātauranga Māori for groups in the Māori workforce, with a priority being to support those who do not have access to clinical coaching.",,,,,,,
2025-30747,Minister for Vocational Education,2,"Further to the Minister’s response to Written Parliamentary Question 22696 (2025), on what date(s) were the emails received and what issues did they raise?","I have received four emails from staff, which was sent as confidential emails which I am withholding to protect the privacy of the individuals.",,,,,,,
2025-29335,Minister of Customs,1,"What actions, if any, has the Minister taken in response to the 2024 National Risk Assessment's warning about increasing threats from Mexican and Asian transnational crime syndicates?",I refer the Member to my response to Written Parliamentary Question 29326 (2025).,"As the Member is aware, I am not responsible for making operational decisions for the New Zealand Customs Service.",,,,,,
2025-34270,Minister of Education,1,"What alternative pathways, if any, exist for Mosgiel families wishing to access the educational programs and cultural offerings, at Queen’s High School in Dunedin?","Students enrolled at Queen’s High School will be able to access the educational programmes and cultural offerings of the school. 

Students enrolled at other schools will be able to access the educational programmes and cultural offerings of that school. Mosgiel families can access the education and cultural offering provided by Taieri College, for example.",,,,,,,
2024-69407,Associate Minister of Health,1,"What progress, if any, has been made in the quarter April to June 2024 toward the objective ‘Increase access to harm reduction strategies and prevention of hepatitis C transmission‘ under ‘Focus area 2: Prevention and harm reduction’ in the National Hepatitis C Action Plan?","I am advised that during the April to June 2024 quarter, the Needle Exchange Programme continued to upscale the distribution of free injecting equipment. Improvements have also been made to logistics, distribution, and waste management services.",,,,,,,
2024-3401,Minister of Transport,1,"What advice, if any, has the Minister received regarding any changes in funding for road policing activities from the National Land Transport Fund and, if so, what was the nature of this advice?","I have received and will receive advice on funding for road policing activities in relation to the draft Government Policy Statement on Land Transport and a new road policing investment programme for 2024/25–2026/27. However, it is not consistent with the public interest for me to give further details about the nature of this advice at this time.",,,,,,,
2024-3481,Prime Minister,2,"Does he stand by his statement regarding Winston Peter’s comments about Nazi Germany “No, I haven’t had a chance to do so, but we talk regularly, and I plan to talk to him about it”, and if so, on what date, if any did he discuss this with Winston Peters?","Yes, on 18 March 2024.",,,,,,,
2024-49798,Minister of Health,1,"How many evenings, if any, has Buller Hospital been closed for assessment of acute patients, since 1 January 2024?",I refer the Member to Written Parliamentary Question 49795 (2024).,"I am advised that since 1 January 2024, Buller Health has been closed for 10 evenings.",,,,,,
2025-29003,Minister for Youth,1,Has the Minister received any correspondence from youth organisations concerned about future funding or engagement mechanisms?,"In 2022 and 2023, the Ministry of Youth Development (MYD) undertook competitive open tender procurement processes which allocated available Partnering for Youth Development MCA Non-Departmental Output Expense (NDOE) funding to support a wide range of youth development and youth enterprise programmes, services, and initiatives. The majority of outcome agreements associated with these procurement processes end on Monday 30 June 2025. As such, MYD is running procurement processes for 2025/26 funding.

As the Minister for Youth, I am often asked about future funding available for youth sector organisations and I have received correspondence regarding this. As is standard practice, any queries I receive regarding funding for youth sector organisations are transferred to my officials at MYD, as these questions are operational in nature.",,,,,,,
2025-54326,Minister for Workplace Relations and Safety,1,"What guidance, if any, has WorkSafe issued to educational facilities regarding the health risk posed to children and staff in schools and early learning centres from the recalled coloured sand consumer product?",I am advised that WorkSafe New Zealand has supported the Ministry of Education to develop guidance for the education sector. This guidance is now available on the Ministry of Education website. WorkSafe’s website links to this guidance.,,,,,,,
2025-31263,Minister of Conservation,1,"What advice, reports, briefings, aides-memoire, or any other documents, if any, has the Minister or any member of their Office received on the Stewardship review of Mount Rochfort Conservation Area and Denniston Plateau, by title and date?","I have received several documents from the Department of Conservation that advise on, or refer to, the reclassification of the Mount Rochfort Conservation Area (which includes the Denniston Plateau). These are listed as an attachment table.
In addition to these documents, the Department has advised me of previous reports which have been released on the DOC website.",,,,,,,
2025-22673,Minister for Universities,1,"Further to the Minister’s reply to Written Parliamentary Question 16306 (2025), what advice, if any, has he received about non-STEM degrees at universities, by date and title?","As the Minister for Universities, I receive a wide range of advice covering various topics including degrees at universities.

Titles of advice are released regularly through written parliamentary questions.

I do not consider the diversion of resource required to undertake this collation of this particular request to be in the public interest.",,,,,,,
2025-34929,Minister for Regulation,1,"What advice, if any, has the Minister requested regarding the use of Artificial Intelligence to review legislation?",I refer the member to my response to 34928 (2025).,,,,,,,
2024-44686,Minister of Health,1,"What are the estimated capital costs, if any, of addressing Wairarapa Hospital’s infrastructure challenges?","I am advised that the future capital costs for investment in Wairarapa Hospital will be outlined in the Infrastructure Investment Plan, which is currently being finalised.",,,,,,,
2024-81222,Associate Minister for the Environment,1,"What correspondence, if any, has occurred between the Associate Minister and the Minister for the Environment, or between their respective offices, during the week beginning 9 December 2024, listed by title and date?","In the week beginning 9 December, I or my office communicated with the office of Hon Penny Simmonds regarding an Official Information Act Request, a ministerial meeting, a shared briefing and press releases.",,,,,,,
2024-58154,Minister of Transport,1,"What official advice (excluding advice sourced from the Motor Industry Association), if any, has the Minister received on the number and proportion of light vehicles that were forecast in 2025 to comply with or have emissions lower than the previous targets under the Clean Car Standard, which were repealed under the Land Transport (Clean Vehicle Standard) Amendment Act 2024?","The official advice I received highlighted that previous targets (2026 & 2027 for light passenger vehicles, and 2025-2027 for light commercial vehicles) were not achievable for vehicle importers as they would face significant risks of not being able to secure a sufficient supply at affordable prices. This advice included feedback received from the Motor Industry Association and the Imported Motor Vehicle Industry Association.",,,,,,,
2025-19984,Minister of Health,2,"Has Cabinet considered a Business Case for Nelson Hospital, and if so, on what date(s)?",I refer the Member to Written Parliamentary Question 19860 (2025).,"As the Member will be aware, redeveloping Nelson Hospital is a key priority for this Government as part of our focus on delivering access to timely, quality healthcare for all New Zealanders - including the people of Nelson - and we remain committed to the project. As this project remains under active consideration, disclosing this information at this time would not serve the public interest. I note that, as has been publicly reported and confirmed by Health New Zealand, the scope of the redevelopment was revised to a staged approach prior to the change of Government in 2023. I also note that the previous government committed to starting the project during the last term of Parliament.",,,,,,
2024-556,Prime Minister,1,When will the proactive ministerial diary release for December take place?,The diary has been published.,,,,,,,
2024-960,Minister of Transport,2,"Does the Minister stand by his statement in regards to the SH1/SH29 intersection upgrade “The roundabout has been designed to connect into a new Road of National Significance between Cambridge and Piarere”; if so, when was this design choice made and by whom?","Yes. I am advised that the NZTA Board approved the SH1 Cambridge to Piarere Long Term Improvements Detailed Business Case on 27 May 2021.

However, I have also been advised that the Cambridge to Piarere project did not align with the objectives of the previous government's Government Policy Statement on land transport, resulting in delays to the project. Our government is committed to delivering this critical project for the Waikato and has listed SH1 Cambridge to Piarere as a new Road of National Significance.",,,,,,,
2025-44665,Minister of Health,1,How many people aged 16 visited their GP nine times or more in the period July 2023 to June 2024?,I refer the Member to reply number 44653 (2025),"I am advised that this specific information, as requested by the Member, is not currently held by Health New Zealand. I do not consider it to be in the public interest to divert staff from essential services to undertake a substantial collation exercise.",,,,,,
2024-69849,Minister of Health,1,"What progress, if any, has been made in the quarter April to June 2024 to ‘Deliver a National Asset Management Strategy and Capital Investment Plan by December 2023 including the information solution strategy, requirements and road map for asset management and investment analysis’ under section 3.7 ‘Strengthening our system enablers’ within Te Whatu Ora’s Te Pae Tata: Interim New Zealand Health Plan 2022?",I refer the Member to my response to Written Parliamentary Question 69824 (2024).,I am advised that Health New Zealand is currently preparing a comprehensive report on the implementation of the Interim New Zealand Health Plan | Te Pae Tata which finished on 30 June 2024. This report will cover all actions in the plan and will be audited by the Auditor-General and then published.,,,,,,
2024-5043,Minister of Finance,2,"Does she stand by her statement “But the reality is, for many New Zealanders it feels like a recession”, and if so, on what advice, by title and date, was this statement made?","Yes. The Treasury reported in its GDP review on 21 March 2024 that ""GDP contracts for the fifth time in two years by a modest 0.1% with underlying data reflecting an economy in the midst of a severe economic slowdown."" Furthermore, the Treasury reported in its Fortnightly Economic Update on 28 March 2024 that ""GDP data confirmed a shallow recession in the second half of 2023."" 

In addition, I regularly speak with everyday New Zealanders about their views and experiences with the NZ economy. Many of them tell me that the combination of high inflation and interest rates that began under the last Government and was prolonged by its actions, has felt like a recession.",,,,,,,
2024-43592,Minister of Finance,1,"What aide memoirs, briefings, memos, notes, reports, or any other advice, if any, has the Minister or their Office received during the month of June 2024, listed by agency, title and date received?","I am advised that the Treasury now publishes a monthly list of titles of advice to Ministers. I refer the member to that list. 
Some titles may not be released if they relate to matters of commercial sensitivity, active consideration, legal privilege and/or confidential negotiations.",,,,,,,
2024-2267,Associate Minister of Housing,1,"What advice, reports, memos, aide memoire or any other documents has the Minister received, by title and date, about new obligations for emergency housing and public housing tenants/clients?","As Associate Minister of Housing (Social Housing), I refer the member to the response for WPQ 2260 (2024).","As Associate Minister of Housing (Social Housing) I have received the following advice, reports, memos, aides memoire, or any other documents, from my officials by title and date about the impact on homelessness of the policy detailed in the 6 March 2024 ""First steps taken to end emergency housing"" announcement; Cover briefing for Cabinet Paper: Establishing a priority one category for emergency housing clients on the housing register on 24 January 2024; Aide Memoire – Ministerial Consultation – Establishing Priority One Cabinet Paper on 30 January 2024; Initial steps to end the large scale use of emergency housing on 19 February 2024; Ending Reliance on HUD Contracted Motels in Rotorua on 22 February 2024; Rotorua Housing Accord – Update and Future Priorities on 22 February 2024; Initial steps to end the large-scale use of Emergency Housing on 29 February 2024; Cabinet paper supporting material: initial steps to end the large scale use of Emergency Housing; Revised Cabinet paper and supporting materials: initial steps to end the large scale use of emergency housing on 01 March 2024; Revised Cabinet Paper and supporting material: initial steps to end the large scale use of emergency housing on 05 March 2024.",,,,,,
2025-40165,Minister for ACC,1,"What feedback, if any, did the Minister or their office provide about the increase in ‘week away from work’ ACC injury claims and to whom?",None.,,,,,,,
2025-29169,Minister of Commerce and Consumer Affairs,1,Did the Minister read a transcript of the Prime Minister's post-cabinet press conference on 5 May 2025 related to the Credit Contracts and Consumer Finance Act 2003?,No,,,,,,,
2025-45151,Minister of Housing,1,"How many, if any, of the homes of the 227 Kāinga Ora tenants referred to in a New Zealand Herald article of 15 September 2025, where people were asked to voluntarily leave their homes in the past year due to homes being put on the market, were put on the market because they were not in the right place and why were they seen to be in the wrong place?",I refer the Member to the answer to WPQ 45150 (2025).,"Kāinga Ora – Homes and Communities advises me that this information is not recorded centrally and in order to respond to this question staff would need to reconcile over 200 files. In accordance with Speaker’s Ruling 210/6, I consider that the time and expense of answering this part of Member’s question is not in the public interest.",,,,,,
2025-42766,Minister for Workplace Relations and Safety,1,"What papers, if any, did the Minister take to cabinet in her capacity as Minister for Workplace Relations and Safety during the week of August 25th 2025?",None.,,,,,,,
2025-33740,Associate Minister of Finance,1,"Further to his reply to Question 30785 (2025), what are the titles and dates of the documents to be released as part of the annual proactive release of Budget documents in coming weeks that will detail how agencies were chosen to participate in his public savings drive that led to $115 million in average annual savings?","As per the answer to Question 30785 (2025), relevant documents and their titles will be released in the Budget proactive release in the usual way.",This information will be released as part of the annual proactive release of Budget documents in the coming weeks.,,,,,,
2024-9616,Minister of Housing,1,How many roles are proposed for disestablishment at Kāinga Ora?,I refer the Member to my reply to WPQ 9574 (2024).,"I am advised that these decisions are the responsibility of the Chief Executive. Furthermore, I am advised that these decisions are still to be finalised and are subject to staff consultation.",,,,,,
2025-6341,Minister of Revenue,1,"What advice, if any, has the minister received on the subject of tax settings for charities?",I refer the Member to reply number 6337 (2025).,Advice I have received is currently being considered by Ministers as consultations on the taxation of charities and not-for-profits are now open. No decisions have been made. The advice will be released in due course.,,,,,,
2024-75210,Minister for Mental Health,2,"Will the Minister advocate for more funding for Pacific-focused mental health and addiction services in parts of the South Island that have experienced a doubling of the Pacific population in the past decade; if so, how?",I am advised that Health New Zealand has contracts with Pacific providers across the country to deliver Pacific Access and Choice mental health and addiction services within the community.,,,,,,,
2025-34786,Minister for Mental Health,1,"How many events or meetings, if any, did the Minister decline to attend during the week beginning 16 June 2025 in his capacity as Minister for Mental Health?",I receive a large number of invitations and I do not believe it is in the public interest to provide this level of detail for declined invitations. The Member can refer to my published diary for invitations which were accepted.,,,,,,,
2025-39981,Minister of Housing,1,"How many new state homes, if any, does Kainga Ora expect to deliver in 2025/26 and what is the expected net effect of those deliveries on Kainga Ora’s housing stock?",I refer the Member to WPQ 39322 (2025).,"Kāinga Ora – Homes and Communities advises me that it is forecast to deliver 1,845 new homes in 2025/26 resulting in 78,027 managed stock.",,,,,,
2024-79107,Minister of Health,1,"What is the anticipated date of completion of the 'Design' project phase of the 'Endoscopy Unit Expansion, Christchurch Hospital', as part of Te Whatu Ora's Infrastructure and Investment projects?","As previously advised in my response to Written Parliamentary Question 39140 (2024), this action is complete.",I am advised that the design phase of this project was completed in March 2024.,,,,,,
2024-6568,Associate Minister of Justice,2,Do IPSC Three Gun competitions referred to in WPQ2466 (2024) require the use of prohibited firearms for the rifle section; if so in what respect?,I am not responsible for the type of firearms used in IPSC Three Gun competitions.,,,,,,,
2025-4190,Associate Minister of Health,1,"What progress, if any, has been made in the quarter July to September 2024 has been made toward actioning ‘Workforce training, guidelines and resources’ under Focus area 2: Combination prevention and health promotion actions as recommended in the National HIV Action Plan?","I am advised that during the July to September 2024 quarter, the Burnett Foundation Aotearoa and the New Zealand Sexual Health Society provided HIV clinical updates to clinicians in Rotorua and Tauranga. 

I am further advised that during the quarter the Foundation also delivered primary care training modules to 27 pharmacists and other health professionals.",,,,,,,
2025-33685,Minister for Workplace Relations and Safety,2,"Has user feedback (e.g., from local authorities, road workers, or the public) shown clear demand for the frequency of sharing of road cone hotline data, and if so, how many items of feedback suggested it was necessary and on what date(s) was that feedback received?",I am advised that WorkSafe New Zealand's decision to publish data on a weekly basis was not based on specific feedback.,,,,,,,
2024-54305,Minister of Transport,1,"What are the terms of reference for the review of parking fees, including the review of mobility parking fines?",There was no specific Terms of Reference for the fees increase.,,,,,,,
2024-6941,Associate Minister of Health,1,"Is the denominator of maternity ward occupancy rates based on, if either, the net number of beds, or the number of staffed beds in a maternity ward?",I am advised that the most common denominator is staffed beds.,,,,,,,
2024-49854,Minister of Finance,1,"What analyses/modelling, if any, has the Minister and/or his Office received regarding links to the unlawful occupation of Palestinian territory in the Accident Compensation Corporation investment fund, if any; listed by agency, title and date received?",None.,,,,,,,
2025-16183,Associate Minister of Health,1,"What progress, if any, has been made in the quarter April to June 2024 in achieving ‘Primary and community care services, other community-based services, including kaupapa Māori services, and rural hospitals will provide patient and whānau-centred models of care that support continuity of care for rural communities’ under ‘Priority 3: Services are available closer to home for rural communities’ within the Rural Health Strategy 2023?",I refer the Member to my response to Written Parliamentary Question 15999 (2025).,"I am advised that the Rural Health Strategy sets the long-term direction for improving rural health outcomes. The Government Policy Statement on Health (GPS) 2024–2027 sets expectations for the health entities over the three years from July 2024, which includes improving the health of rural communities. Monitoring the Rural Health Strategy is a requirement under the Pae Ora (Healthy Futures) Act 2022 and will be undertaken by officials at key points in the accountability cycle. Consequently, no formal monitoring has been undertaken of priorities from the Rural Health Strategy that were progressed through actions in the quarter specified.",,,,,,
2025-40319,Minister of Justice,1,How many people were enrolled to vote on the Epsom electoral roll on 14 October 2023?,I refer the Member to reply number 40258 (2025),"I refer the Member to table 1, attached.

I am advised that the Electoral Commission is unable to separate election day enrolments from enrolments throughout the advance voting period as the date at which paper voting forms were turned in to the voting place was not recorded. However, the table below shows the number of new electors that enrolled to vote on the respective rolls between 2 October 2023 and 14 October 2023.",,,,,,
2025-52245,Minister of Justice,1,"What number of times, if any, has the Minister or their office met with Sunny Kaushal to discuss the Ministerial Advisory Group for Victims of Retail Crime spending or remuneration since June 2024 to date, by date and who attended the meeting?",My diary is proactively released on the beehive.govt.nz website.,,,,,,,
2025-59127,Associate Minister of Health,1,Has the funding allocated to Rainbow organisations to support mental health provision increased or decreased since 2024?,I refer the Member to the response to Written Parliamentary Question 59126 (2025).,I refer the Member to the attached table.,,,,,,
2024-81010,Minister of Health,1,"What progress, if any, has occurred to achieve the initiative 'Optimise theatre use and surgical throughput by using nationally consistent performance dashboards, production planning, and operational management to drive down hospital-initiated day of surgery cancellations, late starts, early finishes, and increase theatre utilisation' included on page 16 of High Level Implementation Plans - Achieving the Health Targets, as at 16 December 2024?","I am advised that Health New Zealand has developed a national Theatre Metrics dashboard which is available to all districts and regions. The dashboard provides consistent operational data on theatre cancellations, late starts/early finishes, and other factors such as utilisation.",,,,,,,
2025-7169,Minister for Children,1,"How many hours of individual clinical therapy, if any, does each young person participating in the governments military style bootcamp pilot receive each week?",I refer the Member to my answer to WPQ 80771 (2024).,"I acknowledge the interest in the Military-Style Academy Pilot. I am also aware of the impact of the intense public scrutiny on these young people and their families and whānau.

In considering the privacy and wellbeing of this small cohort of young people, I do not believe it is in the public interest to provide the information requested, especially when it relates to the personal health information of easily identifiable individuals.

In order to balance the public interest in this matter with the need to protect the privacy and wellbeing of the young people, Oranga Tamariki will provide public updates at appropriate milestones in the programme.

Outside of this, updates will only be provided if the circumstances are exceptional, or if there is a matter of public safety that outweighs the privacy and wellbeing considerations mentioned above.",,,,,,
2024-39329,Minister of Health,1,"What progress, if any, has been made in the quarter January to March 2024 on the recommended focus area ‘Consideration of changes to increase capacity within the cancer workforce, including working with training providers and the sector to fill vacant roles and training positions’ under ‘System-wide solution 4: Workforce’ in the Cancer Control Agency ’Cancer Services Planning’ document?",I refer the Member to Written Parliamentary Question 39316 (2024).,"I am advised that during the January to March 2024 quarter, Health New Zealand had commenced developing a Health Workforce Plan for 2024-27, which will establish future workforce priorities and actions. Planning specific to the cancer workforce is included in the Health Workforce Plan and has been carried out in partnership with the Cancer Control Agency – Te Aho o Te Kahu to align with cancer service planning and areas where there are the greatest workforce gaps.",,,,,,
2025-33715,Minister for the Environment,1,"What advice, information, briefings or memorandums, by date and title, if any, has the Ministry for the Environment prepared since 27 November 2023 about potentially dismantling the Climate Change Commission or reducing roles, functions, tasks, delegations, responsibilities of the Climate Change Commission?","In my capacity as Minister for the Environment, none. I refer the member to the Minister of Climate Change's response to written question 33716 (2025).",None,,,,,,
2024-43902,Associate Minister of Health,1,"What progress, if any, has been made in the quarter January to March 2024 on the action ‘Develop and implement a workforce strategy that addresses both the immediate capacity and capability issues and the long-term growth needs of the dementia mate wareware and aged care sector, recognising the impact of the ageing workforce, so there are enough appropriately skilled and qualified people available when needed’ under the objective ‘Strengthen leadership and capability across the sector’ within Te Whatu Ora’s Improving Dementia Mate Wareware Services in Aotearoa New Zealand Action Plan?",I refer the Member to my reply to Written parliamentary Question 43901 (2024,"I am advised during the January to March 2024 quarter, work was undertaken by the Dementia Mate Wareware Leadership and Advisory Group / Te Whakaruruhau mō te Mate Wareware on formal feedback and recommendations to Health New Zealand regarding the 2024-2027 Health Workforce Plan. This submission, which was presented in April, included contributions from the Dementia Mate Wareware Network, a large national sector group that includes providers, workforce, dementia experts, and people living with dementia mate wareware and their whānau/care partners.",,,,,,
2025-53849,Minister of Education,1,What is the average Ministry of Education payment made to sensitive claim (formerly known as historic abuse claims) claimants?,"$18,277. This does not include the 55 top-up payments that have been made to closed claims, but does include the 50% adjustment to 26 claims settled after 9 May 2025 (7 full assessment and 19 rapid payments).",,,,,,,
2024-74178,Minister of Health,1,"What progress, if any, has been made in the quarter April to June 2024 in actioning the recommendation ‘Strengthening primary care accountability regarding Te Tiriti o Waitangi obligations to Māori, and equity obligations, by proactively facilitating mana-enhancing early engagement with families to achieve timely 6-week vaccinations and ongoing access for health checks’ under ‘Priority Area 4: Enrolment into health services from birth’ within the ‘Initial Priorities for the National Immunisation Programme in Aotearoa 2022’?","I am advised that this recommendation has been completed. 

I refer the Member to my response to Written Parliamentary Question 53916 and 74166 (2024).","I am advised that during the January to March 2024 quarter, the pre-call/recall initiative in general practice was under development. The service includes Primary Health Organisations (PHO) funding for six-week immunisations and for focusing on improving outcomes for Māori. Additional funding has been targeted at achieving six-week immunisation of Māori children and to help Māori PHOs drive immunisation coordination functions. 
I am further advised that as part of the PHO annual uplift process, the PHO agreement has been amended to explicitly state that there is no requirement to sight a birth certificate to enroll an infant, and to extend provisional enrolment for up to 12 months.",,,,,,
2024-39847,Prime Minister,1,Further to his answer to written question 38867 (2024): did they discuss asking Todd Stephenson to resign as a Parliamentary Private Secretary?,No record of that conversation was kept.,,,,,,,
2025-47950,Associate Minister for ACC,1,"What was the average wait time, if any, for customer service lines, if any, in the Minister's departments, crown entities and any other bodies that the Minister is responsible for, if any, as of 1 October 2025?","Hon Scott Simpson, as Minister for ACC, is responsible for this matter.",,,,,,,
2025-1339,Minister of Health,1,"What evidence, if any, exists that there are current state regulatory issues caused by limited coverage; risk of unsuitable practitioners providing services, as stated in the Ministry of Health's Future of Health Workforce Regulation Introduction and Overview, dated October 2024?","I refer the Member to page 45 at the following link, which confirms the Ministry's engagement with key stakeholders: https://www.health.govt.nz/system/files/2024-12/H2024053431-response.pdf.",,,,,,,
2025-38656,Prime Minister,1,"Was he aware that staff from the office of the Minister of Foreign Affairs had been in contact with his office about the expiry designations of The Base and the American Proud Boys as terrorist organisations before he made decisions about those groups and if not, has he now sought to understand what contact had been made?",Staff in my office are regularly in contact with staff from other ministers’ offices on a range of matters relating to my portfolios. I also refer to my Written Parliamentary Question 38647 (2025).,There is one Statement of Case. I am advised that the Department of the Prime Minister and Cabinet has proactively released documents relating to the designation of the American Proud Boys that expired under section 29B of the Terrorism Suppression Act 2002 on 19 June 2025. The proactive release is available on the Department’s website: Proactive Release: Designation of American Proud Boys as Terrorist Entity | Department of the Prime Minister and Cabinet (DPMC),,,,,,
2024-4448,Minister for Tertiary Education and Skills,1,"In light of her response to Written Question 103 (2024), what minutes or notes or records of meetings with her Chief Executives are taken to ensure that agreed actions and decisions are monitored for implementation?",The Private Secretaries take notes and confirms back with on the actions and decisions arising from the discussions.,,,,,,,
2024-73655,Minister of Finance,2,"Has the Minister or her Office seen the Auditor General's 'Assessing New Zealand's climate change response with ClimateScanner' report; if so, what actions, if any, will she take to respond to the Auditor General's concern that ""it is difficult to track and report on domestic climate finance""?","This report has been referred to my office, and I noted the recommendations. The Government and the Treasury are committed to better performance reporting, and the Treasury has a work programme focused on this.",,,,,,,
2025-43091,Minister of Local Government,3,"Are Crown negotiators for regional deals’ fees covered by the Cabinet Fees Framework; if not, were market consultancy rates used, and if so, what benchmarks were considered (e.g., PwC/Deloitte senior partner rates, consultancy panel rates used by MBIE or Treasury)?","I refer the member to my response to written parliamentary question 42672 (2025). 

Contract rates were negotiated with each Crown Negotiator based on the skills and experience the negotiators bring.",No. The Crown negotiators are employed as consultants.,,,,,,
2025-1947,Minister of Health,1,"What progress, if any, has been made in the quarter July to September 2024 to ‘Explore introduction of HPV screening test for cervical screening programme’ under Outcome 4: New Zealanders have better cancer survival, supportive care and end-of-life care, as part of the New Zealand Cancer Action Plan 2019 – 2029?","As was said in Written Question reply 62655 (2024) in September last year, this action has been completed.",I am advised that this action has been completed and that a self-testing option has been available since testing for HPV was launched as the primary test for cervical screening.,,,,,,
2024-44789,Minister for Children,1,What are the names of the organisations contracted to deliver components of the the pilot military-style academy and which components are they delivering?,I am advised Oranga Tamariki is in an active procurement process and cannot comment on commercial activities or negotiations until final decisions are made.,,,,,,,
2025-18653,Minister of Health,1,"What actions, if any, have been taken in the quarter July to September 2024 to improve pathways to nurse practitioner, nurse prescriber, and other specialist nursing roles?",The Member has already asked this question. I refer the Member to Written Parliamentary Question 75835 (2024).,"I am advised that 121 places on the Nurse Practitioner Training Programme (NPTP) were fully funded for the 2024 academic year, which began in the January to March quarter; a 51.3% increase compared to the previous year.",,,,,,
2024-58141,Minister of Education,1,"What engagement, if any, took place with Te Taura Whiri, organisations before releasing a proposal to make teaching of te reo Māori a downgrade from being a primary objective in the Education and Training Act?",I refer the Member to my response to written parliamentary question 58139 (2024).,"There is no intention to downgrade the teaching of te reo Māori that forms part of Te Tiriti o Waitangi objective in section 127 of the Education and Training Act (the Act) 2020. Public consultation on the proposals to amend section 127 of the Act are currently taking place, which includes consultation with Māori education organisations. No consultation with Te Taura Whiri, iwi, hapū or Māori education organisations took place before the proposals were released for public consultation.

On 7 June 2024, I received a report titled Amendments to section 127 of the Education and Training Act 2020. 

This is also my response to written parliamentary questions 58141, 58143, 58144, 58145 (2024).",,,,,,
2025-54439,Minister of Commerce and Consumer Affairs,2,"Does the Minister agree with Consumer New Zealand's Gemma Rasmussen that the amount of money that the government was putting towards product safety did need to be escalated, and if so, will he advocate for this in the Government's next budget as Consumer Minister?","The Government is committed to product safety. As Commerce and Consumer Affairs Minister, I will continue to ensure our system remains fit for purpose.",,,,,,,
